page_path,page_live_url,image_type,image_src,image_slug,alt_text,alt_status,in_manifest,manifest_public_path
404.html,https://burleighmotel.com.au/404/,img_tag,/images/burleigh-gold-coast-motel-logo.png,burleigh-gold-coast-motel-logo.png,Burleigh Gold Coast Motel logo,OK,NO,
about/index.html,https://burleighmotel.com.au/about/,img_tag,/images/burleigh-gold-coast-motel-logo.png,burleigh-gold-coast-motel-logo.png,Burleigh Gold Coast Motel logo,OK,NO,
about/index.html,https://burleighmotel.com.au/about/,img_tag,/images/burleigh-gold-coast-motel-logo.png,burleigh-gold-coast-motel-logo.png,Burleigh Gold Coast Motel,OK,NO,
about/index.html,https://burleighmotel.com.au/about/,background_image,/images/burleigh-gold-coast-motel-exterior-mural-entrance-guest-parking.webp,burleigh-gold-coast-motel-exterior-mural-entrance-guest-parking.webp,,N/A,NO,
blog/index.html,https://burleighmotel.com.au/blog/,img_tag,https://www.googletagmanager.com/ns.html?id=G-T7352DTPTN,ns.html,,EMPTY,NO,
blog/index.html,https://burleighmotel.com.au/blog/,img_tag,/images/burleigh-gold-coast-motel-logo.png,burleigh-gold-coast-motel-logo.png,Burleigh Gold Coast Motel logo,OK,NO,
blog/index.html,https://burleighmotel.com.au/blog/,img_tag,"https://static.wixstatic.com/media/30468a_4703134a158e411597c3500200a9da41~mv2.jpg/v1/fill/w_900,h_600,fp_0.50_0.50,q_90,enc_avif,quality_auto/30468a_4703134a158e411597c3500200a9da41~mv2.webp",30468a_4703134a158e411597c3500200a9da41~mv2.webp,Family at a Gold Coast theme park — accommodation guide for Burleigh Heads stays,OK,NO,
blog/index.html,https://burleighmotel.com.au/blog/,img_tag,/images/burleigh-gold-coast-motel-exterior-street-view-miami-qld.webp,burleigh-gold-coast-motel-exterior-street-view-miami-qld.webp,Budget motel Gold Coast — Burleigh Gold Coast Motel exterior street view,OK,NO,
blog/index.html,https://burleighmotel.com.au/blog/,img_tag,/images/burleigh-gold-coast-motel-front-entrance-vacancy-miami.webp,burleigh-gold-coast-motel-front-entrance-vacancy-miami.webp,Burleigh Gold Coast Motel front entrance — vacancy sign Miami Gold Coast,OK,NO,
blog/index.html,https://burleighmotel.com.au/blog/,img_tag,/images/burleigh-motel-mural-full-facade-gold-coast-highway-miami.webp,burleigh-motel-mural-full-facade-gold-coast-highway-miami.webp,"Burleigh Gold Coast Motel mural facade on the Gold Coast Highway, Miami QLD",OK,NO,
blog/index.html,https://burleighmotel.com.au/blog/,img_tag,/images/burleigh-heads-beach-surfers-families-gold-coast-skyline-motel.webp,burleigh-heads-beach-surfers-families-gold-coast-skyline-motel.webp,Burleigh Heads beach with surfers and families and the Gold Coast skyline behind,OK,NO,
blog/index.html,https://burleighmotel.com.au/blog/,img_tag,/images/surfers-burleigh-heads-headland-ocean-skyline-golden-hour-gold-coast-motel.webp,surfers-burleigh-heads-headland-ocean-skyline-golden-hour-gold-coast-motel.webp,Surfers at Burleigh Heads headland at golden hour with the Gold Coast skyline,OK,NO,
blog/index.html,https://burleighmotel.com.au/blog/,img_tag,/images/sea-world-family-arriving-entrance-gate-nearby-burleigh-gold-coast-motel.webp,sea-world-family-arriving-entrance-gate-nearby-burleigh-gold-coast-motel.webp,Families arriving at Sea World Gold Coast — Carnivale 2027 accommodation nearby at Burleigh Motel,OK,NO,
blog/index.html,https://burleighmotel.com.au/blog/,img_tag,"https://static.wixstatic.com/media/30468a_efebfb96011345918d2643a6defd4098~mv2.jpg/v1/fill/w_454,h_341,fp_0.50_0.50,q_90,enc_avif,quality_auto/30468a_efebfb96011345918d2643a6defd4098~mv2.webp",30468a_efebfb96011345918d2643a6defd4098~mv2.webp,Burleigh Heads beach and headland — best place to stay on the Gold Coast,OK,NO,
blog/index.html,https://burleighmotel.com.au/blog/,img_tag,"https://static.wixstatic.com/media/30468a_340c40a6147342fe8224f21888429b10~mv2.jpg/v1/fill/w_454,h_341,fp_0.50_0.50,q_90,enc_avif,quality_auto/30468a_340c40a6147342fe8224f21888429b10~mv2.webp",30468a_340c40a6147342fe8224f21888429b10~mv2.webp,Tradie accommodation Gold Coast — budget motel rooms with ute parking,OK,NO,
blog/index.html,https://burleighmotel.com.au/blog/,img_tag,https://i.ytimg.com/vi/EZfrdMN8Qww/maxresdefault.jpg,maxresdefault.jpg,School holiday Gold Coast theme park family accommodation in Burleigh,OK,NO,
blog/index.html,https://burleighmotel.com.au/blog/,img_tag,"https://static.wixstatic.com/media/30468a_1833acf4308c4bfeb3864c36d7cda104~mv2.jpg/v1/fill/w_454,h_341,fp_0.50_0.50,q_90,enc_avif,quality_auto/30468a_1833acf4308c4bfeb3864c36d7cda104~mv2.webp",30468a_1833acf4308c4bfeb3864c36d7cda104~mv2.webp,Romantic couples accommodation at Burleigh Heads — beachside Gold Coast getaway,OK,NO,
blog/index.html,https://burleighmotel.com.au/blog/,img_tag,/images/burleigh-gold-coast-motel-logo.png,burleigh-gold-coast-motel-logo.png,Burleigh Gold Coast Motel logo,OK,NO,
contact/index.html,https://burleighmotel.com.au/contact/,img_tag,https://www.googletagmanager.com/ns.html?id=G-T7352DTPTN,ns.html,,EMPTY,NO,
contact/index.html,https://burleighmotel.com.au/contact/,img_tag,/images/burleigh-gold-coast-motel-logo.png,burleigh-gold-coast-motel-logo.png,Burleigh Gold Coast Motel logo,OK,NO,
contact/index.html,https://burleighmotel.com.au/contact/,img_tag,/images/burleigh-gold-coast-motel-logo.png,burleigh-gold-coast-motel-logo.png,Burleigh Gold Coast Motel logo,OK,NO,
index.html,https://burleighmotel.com.au/,img_tag,/images/burleigh-gold-coast-motel-logo.png,burleigh-gold-coast-motel-logo.png,Burleigh Gold Coast Motel logo,OK,NO,
index.html,https://burleighmotel.com.au/,img_tag,/images/burleigh-gold-coast-motel-logo.png,burleigh-gold-coast-motel-logo.png,Burleigh Gold Coast Motel,OK,NO,
index.html,https://burleighmotel.com.au/,img_tag,https://www.googletagmanager.com/ns.html?id=G-T7352DTPTN,ns.html,,EMPTY,NO,
index.html,https://burleighmotel.com.au/,background_image,images/burleigh-gold-coast-motel-pool-sun-lounges-courtyard.webp,burleigh-gold-coast-motel-pool-sun-lounges-courtyard.webp,,N/A,NO,
index.html,https://burleighmotel.com.au/,background_image,images/double-queen-room-ceiling-fan-air-con-burleigh-gold-coast-motel.webp,double-queen-room-ceiling-fan-air-con-burleigh-gold-coast-motel.webp,,N/A,NO,
index.html,https://burleighmotel.com.au/,background_image,images/ground-floor-triple-room-tv-microwave-burleigh-gold-coast-motel.webp,ground-floor-triple-room-tv-microwave-burleigh-gold-coast-motel.webp,,N/A,NO,
index.html,https://burleighmotel.com.au/,background_image,images/triple-room-queen-single-ocean-view-burleigh-gold-coast-motel.webp,triple-room-queen-single-ocean-view-burleigh-gold-coast-motel.webp,,N/A,NO,
index.html,https://burleighmotel.com.au/,background_image,images/quad-room-queen-two-singles-burleigh-gold-coast-motel.webp,quad-room-queen-two-singles-burleigh-gold-coast-motel.webp,,N/A,NO,
index.html,https://burleighmotel.com.au/,background_image,images/family-room-queen-three-singles-burleigh-gold-coast-motel.webp,family-room-queen-three-singles-burleigh-gold-coast-motel.webp,,N/A,NO,
index.html,https://burleighmotel.com.au/,background_image,images/interconnecting-rooms-queen-single-beds-burleigh-heads-mote.webp,interconnecting-rooms-queen-single-beds-burleigh-heads-mote.webp,,N/A,NO,
index.html,https://burleighmotel.com.au/,background_image,images/north-burleigh-heads-beach-aerial-gold-coast.webp,north-burleigh-heads-beach-aerial-gold-coast.webp,,N/A,NO,
index.html,https://burleighmotel.com.au/,background_image,images/warner-bros-movie-world-gold-coast-attraction-burleigh-motel-accommodation.webp,warner-bros-movie-world-gold-coast-attraction-burleigh-motel-accommodation.webp,,N/A,NO,
index.html,https://burleighmotel.com.au/,background_image,images/miami-hill-lookout-sunset-gold-coast-burleigh-motel-accommodation.webp,miami-hill-lookout-sunset-gold-coast-burleigh-motel-accommodation.webp,,N/A,NO,
location/index.html,https://burleighmotel.com.au/location/,img_tag,/images/burleigh-gold-coast-motel-logo.png,burleigh-gold-coast-motel-logo.png,Burleigh Gold Coast Motel logo,OK,NO,
location/index.html,https://burleighmotel.com.au/location/,img_tag,/images/burleigh-gold-coast-motel-logo.png,burleigh-gold-coast-motel-logo.png,Burleigh Gold Coast Motel,OK,NO,
location/index.html,https://burleighmotel.com.au/location/,img_tag,https://www.googletagmanager.com/ns.html?id=G-T7352DTPTN,ns.html,,EMPTY,NO,
location/index.html,https://burleighmotel.com.au/location/,background_image,/images/burleigh-gold-coast-motel-exterior-street-view-miami-qld.webp,burleigh-gold-coast-motel-exterior-street-view-miami-qld.webp,,N/A,NO,
location/index.html,https://burleighmotel.com.au/location/,background_image,/images/north-burleigh-heads-beach-aerial-gold-coast.webp,north-burleigh-heads-beach-aerial-gold-coast.webp,,N/A,NO,
location/index.html,https://burleighmotel.com.au/location/,background_image,/images/burleigh-heads-national-park-gold-coast.webp,burleigh-heads-national-park-gold-coast.webp,,N/A,NO,
location/index.html,https://burleighmotel.com.au/location/,background_image,/images/miami-hill-lookout-sunset-gold-coast-burleigh-motel-accommodation.webp,miami-hill-lookout-sunset-gold-coast-burleigh-motel-accommodation.webp,,N/A,NO,
location/index.html,https://burleighmotel.com.au/location/,background_image,/images/warner-bros-movie-world-gold-coast-attraction-burleigh-motel-accommodation.webp,warner-bros-movie-world-gold-coast-attraction-burleigh-motel-accommodation.webp,,N/A,NO,
location/index.html,https://burleighmotel.com.au/location/,background_image,/images/sea-world-gold-coast-marine-experience-burleigh-motel-accommodation.webp,sea-world-gold-coast-marine-experience-burleigh-motel-accommodation.webp,,N/A,NO,
location/index.html,https://burleighmotel.com.au/location/,background_image,/images/wet-n-wild-gold-coast-wave-pool-group-friends-burleigh-motel-accommodation.webp,wet-n-wild-gold-coast-wave-pool-group-friends-burleigh-motel-accommodation.webp,,N/A,NO,
movie-world-accommodation-gold-coast/index.html,https://burleighmotel.com.au/movie-world-accommodation-gold-coast/,img_tag,/images/burleigh-gold-coast-motel-logo.png,burleigh-gold-coast-motel-logo.png,Burleigh Gold Coast Motel logo,OK,NO,
movie-world-accommodation-gold-coast/index.html,https://burleighmotel.com.au/movie-world-accommodation-gold-coast/,img_tag,/images/burleigh-gold-coast-motel-logo.png,burleigh-gold-coast-motel-logo.png,Burleigh Gold Coast Motel,OK,NO,
movie-world-accommodation-gold-coast/index.html,https://burleighmotel.com.au/movie-world-accommodation-gold-coast/,background_image,/images/movie-world-family-selfie-entrance-gate-nearby-burleigh-gold-coast-motel.webp,movie-world-family-selfie-entrance-gate-nearby-burleigh-gold-coast-motel.webp,,N/A,NO,
movie-world-accommodation-gold-coast/index.html,https://burleighmotel.com.au/movie-world-accommodation-gold-coast/,background_image,/images/movie-world-joker-ride-couple-laughing-nearby-burleigh-gold-coast-motel.webp,movie-world-joker-ride-couple-laughing-nearby-burleigh-gold-coast-motel.webp,,N/A,NO,
movie-world-accommodation-gold-coast/index.html,https://burleighmotel.com.au/movie-world-accommodation-gold-coast/,background_image,/images/movie-world-superman-escape-roller-coaster-nearby-burleigh-gold-coast-motel.webp,movie-world-superman-escape-roller-coaster-nearby-burleigh-gold-coast-motel.webp,,N/A,NO,
movie-world-accommodation-gold-coast/index.html,https://burleighmotel.com.au/movie-world-accommodation-gold-coast/,background_image,/images/movie-world-street-parade-marilyn-monroe-vintage-car-nearby-burleigh-gold-coast-motel.webp,movie-world-street-parade-marilyn-monroe-vintage-car-nearby-burleigh-gold-coast-motel.webp,,N/A,NO,
movie-world-accommodation-gold-coast/index.html,https://burleighmotel.com.au/movie-world-accommodation-gold-coast/,background_image,/images/movie-world-wonder-woman-child-meet-greet-nearby-burleigh-gold-coast-motel.webp,movie-world-wonder-woman-child-meet-greet-nearby-burleigh-gold-coast-motel.webp,,N/A,NO,
movie-world-accommodation-gold-coast/index.html,https://burleighmotel.com.au/movie-world-accommodation-gold-coast/,background_image,/images/movie-world-tweety-bird-family-photo-nearby-burleigh-gold-coast-motel.webp,movie-world-tweety-bird-family-photo-nearby-burleigh-gold-coast-motel.webp,,N/A,NO,
post/best-gold-coast-beaches-surf-guide/index.html,https://burleighmotel.com.au/post/best-gold-coast-beaches-surf-guide/,img_tag,/images/burleigh-gold-coast-motel-logo.png,burleigh-gold-coast-motel-logo.png,Burleigh Gold Coast Motel logo,OK,NO,
post/best-gold-coast-beaches-surf-guide/index.html,https://burleighmotel.com.au/post/best-gold-coast-beaches-surf-guide/,img_tag,/images/surfers-burleigh-heads-headland-ocean-skyline-golden-hour-gold-coast-motel.webp,surfers-burleigh-heads-headland-ocean-skyline-golden-hour-gold-coast-motel.webp,Surfers at Burleigh Heads headland at golden hour with the Gold Coast skyline behind,OK,NO,
post/best-gold-coast-beaches-surf-guide/index.html,https://burleighmotel.com.au/post/best-gold-coast-beaches-surf-guide/,img_tag,/images/surfers-boards-burleigh-headland-rocks-ocean-skyline-gold-coast-motel.webp,surfers-boards-burleigh-headland-rocks-ocean-skyline-gold-coast-motel.webp,Surfers with boards at the Burleigh Heads headland rocks with the ocean and Gold Coast skyline,OK,NO,
post/best-gold-coast-beaches-surf-guide/index.html,https://burleighmotel.com.au/post/best-gold-coast-beaches-surf-guide/,img_tag,/images/kirra-beach-point-break-aerial-coolangatta-nearby-burleigh-gold-coast-motel.webp,kirra-beach-point-break-aerial-coolangatta-nearby-burleigh-gold-coast-motel.webp,"Aerial view of Kirra Beach point break at Coolangatta, Gold Coast",OK,NO,
post/best-gold-coast-beaches-surf-guide/index.html,https://burleighmotel.com.au/post/best-gold-coast-beaches-surf-guide/,img_tag,/images/kirra-beach-girl-surfer-wave-coolangatta-nearby-burleigh-gold-coast-motel.webp,kirra-beach-girl-surfer-wave-coolangatta-nearby-burleigh-gold-coast-motel.webp,"Female surfer riding a wave at Kirra Beach, Coolangatta",OK,NO,
post/best-gold-coast-beaches-surf-guide/index.html,https://burleighmotel.com.au/post/best-gold-coast-beaches-surf-guide/,img_tag,/images/broadbeach-aerial-beach-skyline-drone-nearby-burleigh-gold-coast-motel.webp,broadbeach-aerial-beach-skyline-drone-nearby-burleigh-gold-coast-motel.webp,Aerial drone view of Broadbeach beach and skyline on the Gold Coast,OK,NO,
post/best-gold-coast-beaches-surf-guide/index.html,https://burleighmotel.com.au/post/best-gold-coast-beaches-surf-guide/,img_tag,/images/tallebudgera-creek-aerial-sandbar-beach-swimmers-nearby-burleigh-gold-coast-motel.webp,tallebudgera-creek-aerial-sandbar-beach-swimmers-nearby-burleigh-gold-coast-motel.webp,Aerial view of Tallebudgera Creek sandbar and swimmers near Burleigh Heads,OK,NO,
post/best-gold-coast-beaches-surf-guide/index.html,https://burleighmotel.com.au/post/best-gold-coast-beaches-surf-guide/,img_tag,/images/burleigh-gold-coast-motel-logo.png,burleigh-gold-coast-motel-logo.png,Burleigh Gold Coast Motel logo,OK,NO,
post/best-gold-coast-beaches-surf-guide/index.html,https://burleighmotel.com.au/post/best-gold-coast-beaches-surf-guide/,img_tag,/images/burleigh-heads-beach-surfers-families-gold-coast-skyline-motel.webp,burleigh-heads-beach-surfers-families-gold-coast-skyline-motel.webp,Burleigh Heads beach at sunrise,OK,NO,
post/best-gold-coast-beaches-surf-guide/index.html,https://burleighmotel.com.au/post/best-gold-coast-beaches-surf-guide/,img_tag,/images/burleigh-motel-mural-full-facade-gold-coast-highway-miami.webp,burleigh-motel-mural-full-facade-gold-coast-highway-miami.webp,Burleigh Gold Coast Motel facade,OK,NO,
post/best-gold-coast-beaches-surf-guide/index.html,https://burleighmotel.com.au/post/best-gold-coast-beaches-surf-guide/,img_tag,/images/couple-mick-schamburg-lookout-deck-sunset-surfers-ocean-burleigh-gold-coast-motel.webp,couple-mick-schamburg-lookout-deck-sunset-surfers-ocean-burleigh-gold-coast-motel.webp,Couple at sunset on the Mick Schamburg lookout,OK,NO,
post/best-gold-coast-beaches-surf-guide/index.html,https://burleighmotel.com.au/post/best-gold-coast-beaches-surf-guide/,img_tag,/images/burleigh-gold-coast-motel-logo.png,burleigh-gold-coast-motel-logo.png,Burleigh Gold Coast Motel logo,OK,NO,
post/best-gold-coast-beaches-surf-guide/index.html,https://burleighmotel.com.au/post/best-gold-coast-beaches-surf-guide/,img_tag,https://www.googletagmanager.com/ns.html?id=G-T7352DTPTN,ns.html,,EMPTY,NO,
post/budget-travel-gold-coast-burleigh/index.html,https://burleighmotel.com.au/post/budget-travel-gold-coast-burleigh/,img_tag,/images/burleigh-gold-coast-motel-logo.png,burleigh-gold-coast-motel-logo.png,Burleigh Gold Coast Motel logo,OK,NO,
post/budget-travel-gold-coast-burleigh/index.html,https://burleighmotel.com.au/post/budget-travel-gold-coast-burleigh/,img_tag,/images/burleigh-gold-coast-motel-exterior-street-view-miami-qld.webp,burleigh-gold-coast-motel-exterior-street-view-miami-qld.webp,Burleigh Gold Coast Motel on the Gold Coast Highway in Miami — budget accommodation near Burleigh Beach,OK,NO,
post/budget-travel-gold-coast-burleigh/index.html,https://burleighmotel.com.au/post/budget-travel-gold-coast-burleigh/,img_tag,/images/burleigh-heads-beach-surfers-families-gold-coast-skyline-motel.webp,burleigh-heads-beach-surfers-families-gold-coast-skyline-motel.webp,Families and surfers on Burleigh Heads Beach with the Gold Coast skyline in the background,OK,NO,
post/budget-travel-gold-coast-burleigh/index.html,https://burleighmotel.com.au/post/budget-travel-gold-coast-burleigh/,img_tag,/images/family-picnic-bench-beach-surf-lifesaving-flags-nearby-burleigh-gold-coast-motel.webp,family-picnic-bench-beach-surf-lifesaving-flags-nearby-burleigh-gold-coast-motel.webp,"Family cooking at a free gas BBQ in John Laws Park, Burleigh Heads foreshore",OK,NO,
post/budget-travel-gold-coast-burleigh/index.html,https://burleighmotel.com.au/post/budget-travel-gold-coast-burleigh/,img_tag,/images/ground-floor-triple-no-stairs-queen-single-burleigh-motel.webp,ground-floor-triple-no-stairs-queen-single-burleigh-motel.webp,"Triple ground floor room interior at Burleigh Gold Coast Motel — queen bed and single, no stairs",OK,NO,
post/budget-travel-gold-coast-burleigh/index.html,https://burleighmotel.com.au/post/budget-travel-gold-coast-burleigh/,img_tag,/images/burleigh-gold-coast-motel-pool-sun-lounges-courtyard.webp,burleigh-gold-coast-motel-pool-sun-lounges-courtyard.webp,Outdoor pool with sun lounges in the courtyard at Burleigh Gold Coast Motel,OK,NO,
post/budget-travel-gold-coast-burleigh/index.html,https://burleighmotel.com.au/post/budget-travel-gold-coast-burleigh/,img_tag,/images/burleigh-gold-coast-motel-logo.png,burleigh-gold-coast-motel-logo.png,Burleigh Gold Coast Motel logo,OK,NO,
post/budget-travel-gold-coast-burleigh/index.html,https://burleighmotel.com.au/post/budget-travel-gold-coast-burleigh/,img_tag,/images/burleigh-heads-beach-surfers-families-gold-coast-skyline-motel.webp,burleigh-heads-beach-surfers-families-gold-coast-skyline-motel.webp,Burleigh Heads beach,OK,NO,
post/budget-travel-gold-coast-burleigh/index.html,https://burleighmotel.com.au/post/budget-travel-gold-coast-burleigh/,img_tag,/images/burleigh-motel-mural-full-facade-gold-coast-highway-miami.webp,burleigh-motel-mural-full-facade-gold-coast-highway-miami.webp,Burleigh Gold Coast Motel facade,OK,NO,
post/budget-travel-gold-coast-burleigh/index.html,https://burleighmotel.com.au/post/budget-travel-gold-coast-burleigh/,img_tag,/images/burleigh-gold-coast-motel-exterior-street-view-miami-qld.webp,burleigh-gold-coast-motel-exterior-street-view-miami-qld.webp,Burleigh Gold Coast Motel exterior,OK,NO,
post/budget-travel-gold-coast-burleigh/index.html,https://burleighmotel.com.au/post/budget-travel-gold-coast-burleigh/,img_tag,/images/burleigh-gold-coast-motel-logo.png,burleigh-gold-coast-motel-logo.png,Burleigh Gold Coast Motel logo,OK,NO,
post/burleigh-heads-accommodation-done-right/index.html,https://burleighmotel.com.au/post/burleigh-heads-accommodation-done-right/,img_tag,/images/burleigh-gold-coast-motel-logo.png,burleigh-gold-coast-motel-logo.png,Burleigh Gold Coast Motel logo,OK,NO,
post/burleigh-heads-accommodation-done-right/index.html,https://burleighmotel.com.au/post/burleigh-heads-accommodation-done-right/,img_tag,/images/burleigh-gold-coast-motel-front-entrance-vacancy-miami.webp,burleigh-gold-coast-motel-front-entrance-vacancy-miami.webp,"Burleigh Gold Coast Motel front entrance with vacancy sign, Miami QLD",OK,NO,
post/burleigh-heads-accommodation-done-right/index.html,https://burleighmotel.com.au/post/burleigh-heads-accommodation-done-right/,img_tag,/images/burleigh-gold-coast-motel-exterior-street-view-miami-qld.webp,burleigh-gold-coast-motel-exterior-street-view-miami-qld.webp,Burleigh Gold Coast Motel exterior on the Gold Coast Highway in Miami QLD,OK,NO,
post/burleigh-heads-accommodation-done-right/index.html,https://burleighmotel.com.au/post/burleigh-heads-accommodation-done-right/,img_tag,/images/double-queen-room-ceiling-fan-air-con-burleigh-gold-coast-motel.webp,double-queen-room-ceiling-fan-air-con-burleigh-gold-coast-motel.webp,"Double room with queen bed, ceiling fan and air conditioning at Burleigh Gold Coast Motel",OK,NO,
post/burleigh-heads-accommodation-done-right/index.html,https://burleighmotel.com.au/post/burleigh-heads-accommodation-done-right/,img_tag,/images/family-room-queen-three-singles-burleigh-gold-coast-motel.webp,family-room-queen-three-singles-burleigh-gold-coast-motel.webp,Family room with queen bed and three single beds at Burleigh Gold Coast Motel,OK,NO,
post/burleigh-heads-accommodation-done-right/index.html,https://burleighmotel.com.au/post/burleigh-heads-accommodation-done-right/,img_tag,/images/burleigh-gold-coast-motel-pool-sun-lounges-courtyard.webp,burleigh-gold-coast-motel-pool-sun-lounges-courtyard.webp,Outdoor pool with sun lounges in the motel courtyard — Burleigh Gold Coast Motel,OK,NO,
post/burleigh-heads-accommodation-done-right/index.html,https://burleighmotel.com.au/post/burleigh-heads-accommodation-done-right/,img_tag,/images/burleigh-gold-coast-motel-logo.png,burleigh-gold-coast-motel-logo.png,Burleigh Gold Coast Motel logo,OK,NO,
post/burleigh-heads-accommodation-done-right/index.html,https://burleighmotel.com.au/post/burleigh-heads-accommodation-done-right/,img_tag,/images/burleigh-gold-coast-motel-exterior-street-view-miami-qld.webp,burleigh-gold-coast-motel-exterior-street-view-miami-qld.webp,Burleigh Gold Coast Motel exterior,OK,NO,
post/burleigh-heads-accommodation-done-right/index.html,https://burleighmotel.com.au/post/burleigh-heads-accommodation-done-right/,img_tag,/images/burleigh-motel-mural-full-facade-gold-coast-highway-miami.webp,burleigh-motel-mural-full-facade-gold-coast-highway-miami.webp,Burleigh Gold Coast Motel mural facade,OK,NO,
post/burleigh-heads-accommodation-done-right/index.html,https://burleighmotel.com.au/post/burleigh-heads-accommodation-done-right/,img_tag,/images/burleigh-gold-coast-motel-exterior-street-view-miami-qld.webp,burleigh-gold-coast-motel-exterior-street-view-miami-qld.webp,Burleigh motel exterior street view,OK,NO,
post/burleigh-heads-accommodation-done-right/index.html,https://burleighmotel.com.au/post/burleigh-heads-accommodation-done-right/,img_tag,/images/burleigh-gold-coast-motel-logo.png,burleigh-gold-coast-motel-logo.png,Burleigh Gold Coast Motel logo,OK,NO,
post/discover-burleigh-gold-coast-motel-your-ideal-stay/index.html,https://burleighmotel.com.au/post/discover-burleigh-gold-coast-motel-your-ideal-stay/,img_tag,/images/burleigh-gold-coast-motel-logo.png,burleigh-gold-coast-motel-logo.png,Burleigh Gold Coast Motel logo,OK,NO,
post/discover-burleigh-gold-coast-motel-your-ideal-stay/index.html,https://burleighmotel.com.au/post/discover-burleigh-gold-coast-motel-your-ideal-stay/,img_tag,/images/burleigh-motel-mural-full-facade-gold-coast-highway-miami.webp,burleigh-motel-mural-full-facade-gold-coast-highway-miami.webp,"Burleigh Gold Coast Motel mural facade on the Gold Coast Highway, Miami QLD",OK,NO,
post/discover-burleigh-gold-coast-motel-your-ideal-stay/index.html,https://burleighmotel.com.au/post/discover-burleigh-gold-coast-motel-your-ideal-stay/,img_tag,/images/burleigh-gold-coast-motel-exterior-street-view-miami-qld.webp,burleigh-gold-coast-motel-exterior-street-view-miami-qld.webp,"Burleigh Gold Coast Motel street-front exterior view, Gold Coast Highway Miami QLD",OK,NO,
post/discover-burleigh-gold-coast-motel-your-ideal-stay/index.html,https://burleighmotel.com.au/post/discover-burleigh-gold-coast-motel-your-ideal-stay/,img_tag,/images/double-queen-room-ceiling-fan-air-con-burleigh-gold-coast-motel.webp,double-queen-room-ceiling-fan-air-con-burleigh-gold-coast-motel.webp,"Double queen room interior at Burleigh Gold Coast Motel — ceiling fan, AC, flat-screen TV",OK,NO,
post/discover-burleigh-gold-coast-motel-your-ideal-stay/index.html,https://burleighmotel.com.au/post/discover-burleigh-gold-coast-motel-your-ideal-stay/,img_tag,/images/private-ensuite-vessel-sink-arch-mirror-burleigh-motel.webp,private-ensuite-vessel-sink-arch-mirror-burleigh-motel.webp,Private ensuite bathroom with vessel sink and arch mirror at Burleigh Gold Coast Motel,OK,NO,
post/discover-burleigh-gold-coast-motel-your-ideal-stay/index.html,https://burleighmotel.com.au/post/discover-burleigh-gold-coast-motel-your-ideal-stay/,img_tag,/images/burleigh-gold-coast-motel-pool-sun-lounges-courtyard.webp,burleigh-gold-coast-motel-pool-sun-lounges-courtyard.webp,Outdoor pool with sun lounges in the courtyard at Burleigh Gold Coast Motel,OK,NO,
post/discover-burleigh-gold-coast-motel-your-ideal-stay/index.html,https://burleighmotel.com.au/post/discover-burleigh-gold-coast-motel-your-ideal-stay/,img_tag,/images/burleigh-gold-coast-motel-logo.png,burleigh-gold-coast-motel-logo.png,Burleigh Gold Coast Motel logo,OK,NO,
post/discover-burleigh-gold-coast-motel-your-ideal-stay/index.html,https://burleighmotel.com.au/post/discover-burleigh-gold-coast-motel-your-ideal-stay/,img_tag,/images/burleigh-motel-mural-full-facade-gold-coast-highway-miami.webp,burleigh-motel-mural-full-facade-gold-coast-highway-miami.webp,Burleigh Gold Coast Motel mural facade,OK,NO,
post/discover-burleigh-gold-coast-motel-your-ideal-stay/index.html,https://burleighmotel.com.au/post/discover-burleigh-gold-coast-motel-your-ideal-stay/,img_tag,/images/burleigh-heads-beach-surfers-families-gold-coast-skyline-motel.webp,burleigh-heads-beach-surfers-families-gold-coast-skyline-motel.webp,Burleigh Heads beach,OK,NO,
post/discover-burleigh-gold-coast-motel-your-ideal-stay/index.html,https://burleighmotel.com.au/post/discover-burleigh-gold-coast-motel-your-ideal-stay/,img_tag,/images/burleigh-gold-coast-motel-front-entrance-vacancy-miami.webp,burleigh-gold-coast-motel-front-entrance-vacancy-miami.webp,Burleigh Gold Coast Motel front entrance,OK,NO,
post/discover-burleigh-gold-coast-motel-your-ideal-stay/index.html,https://burleighmotel.com.au/post/discover-burleigh-gold-coast-motel-your-ideal-stay/,img_tag,/images/burleigh-gold-coast-motel-logo.png,burleigh-gold-coast-motel-logo.png,Burleigh Gold Coast Motel logo,OK,NO,
post/free-things-to-do-burleigh/index.html,https://burleighmotel.com.au/post/free-things-to-do-burleigh/,img_tag,/images/burleigh-gold-coast-motel-logo.png,burleigh-gold-coast-motel-logo.png,Burleigh Gold Coast Motel logo,OK,NO,
post/free-things-to-do-burleigh/index.html,https://burleighmotel.com.au/post/free-things-to-do-burleigh/,img_tag,/images/burleigh-heads-beach-surfers-families-gold-coast-skyline-motel.webp,burleigh-heads-beach-surfers-families-gold-coast-skyline-motel.webp,Burleigh Heads beach with surfers and families — Gold Coast skyline in the background,OK,NO,
post/free-things-to-do-burleigh/index.html,https://burleighmotel.com.au/post/free-things-to-do-burleigh/,img_tag,/images/surfers-boards-burleigh-headland-rocks-ocean-skyline-gold-coast-motel.webp,surfers-boards-burleigh-headland-rocks-ocean-skyline-gold-coast-motel.webp,Surfers with boards on the Burleigh Heads headland rocks with the Gold Coast skyline stretching north,OK,NO,
post/free-things-to-do-burleigh/index.html,https://burleighmotel.com.au/post/free-things-to-do-burleigh/,img_tag,/images/couple-mick-schamburg-lookout-deck-sunset-surfers-ocean-burleigh-gold-coast-motel.webp,couple-mick-schamburg-lookout-deck-sunset-surfers-ocean-burleigh-gold-coast-motel.webp,Couple watching sunset from the Mick Schamburg lookout deck at North Burleigh Heads,OK,NO,
post/free-things-to-do-burleigh/index.html,https://burleighmotel.com.au/post/free-things-to-do-burleigh/,img_tag,/images/john-laws-park-family-picnic-pandanus-burleigh-heads-nearby-gold-coast-motel.webp,john-laws-park-family-picnic-pandanus-burleigh-heads-nearby-gold-coast-motel.webp,Family picnic under pandanus trees at John Laws Park on the Burleigh Heads foreshore,OK,NO,
post/free-things-to-do-burleigh/index.html,https://burleighmotel.com.au/post/free-things-to-do-burleigh/,img_tag,/images/tallebudgera-creek-aerial-sandbar-beach-swimmers-nearby-burleigh-gold-coast-motel.webp,tallebudgera-creek-aerial-sandbar-beach-swimmers-nearby-burleigh-gold-coast-motel.webp,Aerial view of the Tallebudgera Creek sandbar with swimmers at the Gold Coast,OK,NO,
post/free-things-to-do-burleigh/index.html,https://burleighmotel.com.au/post/free-things-to-do-burleigh/,img_tag,/images/couple-cycling-burleigh-headland-ocean-path-nearby-gold-coast-motel.webp,couple-cycling-burleigh-headland-ocean-path-nearby-gold-coast-motel.webp,Couple cycling along the Burleigh headland foreshore path with the ocean and rocks below,OK,NO,
post/free-things-to-do-burleigh/index.html,https://burleighmotel.com.au/post/free-things-to-do-burleigh/,img_tag,/images/women-ice-cream-cones-outdoor-cafe-burleigh-nearby-gold-coast-motel.webp,women-ice-cream-cones-outdoor-cafe-burleigh-nearby-gold-coast-motel.webp,Two women with ice cream cones outside a Burleigh café on a warm afternoon,OK,NO,
post/free-things-to-do-burleigh/index.html,https://burleighmotel.com.au/post/free-things-to-do-burleigh/,img_tag,/images/bleach-festival-burleigh-heads-two-girls-coffee-nearby-gold-coast-motel.webp,bleach-festival-burleigh-heads-two-girls-coffee-nearby-gold-coast-motel.webp,Two women enjoying Bleach* Festival at Burleigh Heads with takeaway coffees,OK,NO,
post/free-things-to-do-burleigh/index.html,https://burleighmotel.com.au/post/free-things-to-do-burleigh/,img_tag,/images/burleigh-gold-coast-motel-pool-sun-lounges-courtyard.webp,burleigh-gold-coast-motel-pool-sun-lounges-courtyard.webp,Burleigh Gold Coast Motel outdoor pool with sun lounges and courtyard,OK,NO,
post/free-things-to-do-burleigh/index.html,https://burleighmotel.com.au/post/free-things-to-do-burleigh/,img_tag,/images/burleigh-gold-coast-motel-logo.png,burleigh-gold-coast-motel-logo.png,Burleigh Gold Coast Motel logo,OK,NO,
post/free-things-to-do-burleigh/index.html,https://burleighmotel.com.au/post/free-things-to-do-burleigh/,img_tag,/images/surfers-boards-burleigh-headland-rocks-ocean-skyline-gold-coast-motel.webp,surfers-boards-burleigh-headland-rocks-ocean-skyline-gold-coast-motel.webp,Surfers at the Burleigh headland — why Burleigh is the best base on the Gold Coast,OK,NO,
post/free-things-to-do-burleigh/index.html,https://burleighmotel.com.au/post/free-things-to-do-burleigh/,img_tag,/images/couple-mick-schamburg-lookout-deck-sunset-surfers-ocean-burleigh-gold-coast-motel.webp,couple-mick-schamburg-lookout-deck-sunset-surfers-ocean-burleigh-gold-coast-motel.webp,Couple at sunset on the Mick Schamburg lookout — romantic getaway in Burleigh Heads,OK,NO,
post/free-things-to-do-burleigh/index.html,https://burleighmotel.com.au/post/free-things-to-do-burleigh/,img_tag,/images/burleigh-heads-beach-surfers-families-gold-coast-skyline-motel.webp,burleigh-heads-beach-surfers-families-gold-coast-skyline-motel.webp,Burleigh Heads beach with surfers and the Gold Coast skyline — best beaches guide,OK,NO,
post/free-things-to-do-burleigh/index.html,https://burleighmotel.com.au/post/free-things-to-do-burleigh/,img_tag,/images/burleigh-gold-coast-motel-logo.png,burleigh-gold-coast-motel-logo.png,Burleigh Gold Coast Motel logo,OK,NO,
post/free-things-to-do-burleigh/index.html,https://burleighmotel.com.au/post/free-things-to-do-burleigh/,img_tag,https://www.googletagmanager.com/ns.html?id=G-T7352DTPTN,ns.html,,EMPTY,NO,
post/gold-coast-theme-park-accommodation-guide-stay-smart-save-big/index.html,https://burleighmotel.com.au/post/gold-coast-theme-park-accommodation-guide-stay-smart-save-big/,img_tag,/images/burleigh-gold-coast-motel-logo.png,burleigh-gold-coast-motel-logo.png,Burleigh Gold Coast Motel logo,OK,NO,
post/gold-coast-theme-park-accommodation-guide-stay-smart-save-big/index.html,https://burleighmotel.com.au/post/gold-coast-theme-park-accommodation-guide-stay-smart-save-big/,img_tag,"https://static.wixstatic.com/media/30468a_4703134a158e411597c3500200a9da41~mv2.jpg/v1/fill/w_1600,h_800,fp_0.50_0.50,q_90,enc_avif,quality_auto/30468a_4703134a158e411597c3500200a9da41~mv2.webp",30468a_4703134a158e411597c3500200a9da41~mv2.webp,Family at a Gold Coast theme park — guide to Burleigh accommodation,OK,NO,
post/gold-coast-theme-park-accommodation-guide-stay-smart-save-big/index.html,https://burleighmotel.com.au/post/gold-coast-theme-park-accommodation-guide-stay-smart-save-big/,img_tag,/images/burleigh-gold-coast-motel-logo.png,burleigh-gold-coast-motel-logo.png,Burleigh Gold Coast Motel logo,OK,NO,
post/gold-coast-theme-park-accommodation-guide-stay-smart-save-big/index.html,https://burleighmotel.com.au/post/gold-coast-theme-park-accommodation-guide-stay-smart-save-big/,img_tag,/images/sea-world-family-arriving-entrance-gate-nearby-burleigh-gold-coast-motel.webp,sea-world-family-arriving-entrance-gate-nearby-burleigh-gold-coast-motel.webp,Families arriving at Sea World Gold Coast — Carnivale 2027,OK,NO,
post/gold-coast-theme-park-accommodation-guide-stay-smart-save-big/index.html,https://burleighmotel.com.au/post/gold-coast-theme-park-accommodation-guide-stay-smart-save-big/,img_tag,https://i.ytimg.com/vi/EZfrdMN8Qww/maxresdefault.jpg,maxresdefault.jpg,School holiday Gold Coast theme park family stay,OK,NO,
post/gold-coast-theme-park-accommodation-guide-stay-smart-save-big/index.html,https://burleighmotel.com.au/post/gold-coast-theme-park-accommodation-guide-stay-smart-save-big/,img_tag,/images/burleigh-gold-coast-motel-exterior-street-view-miami-qld.webp,burleigh-gold-coast-motel-exterior-street-view-miami-qld.webp,Budget motel Gold Coast — Burleigh Gold Coast Motel exterior street view,OK,NO,
post/gold-coast-theme-park-accommodation-guide-stay-smart-save-big/index.html,https://burleighmotel.com.au/post/gold-coast-theme-park-accommodation-guide-stay-smart-save-big/,img_tag,/images/burleigh-gold-coast-motel-logo.png,burleigh-gold-coast-motel-logo.png,Burleigh Gold Coast Motel logo,OK,NO,
post/gold-coast-theme-park-accommodation-guide-stay-smart-save-big/index.html,https://burleighmotel.com.au/post/gold-coast-theme-park-accommodation-guide-stay-smart-save-big/,img_tag,https://www.googletagmanager.com/ns.html?id=G-T7352DTPTN,ns.html,,EMPTY,NO,
post/romantic-getaway-burleigh-heads/index.html,https://burleighmotel.com.au/post/romantic-getaway-burleigh-heads/,img_tag,/images/burleigh-gold-coast-motel-logo.png,burleigh-gold-coast-motel-logo.png,Burleigh Gold Coast Motel logo,OK,NO,
post/romantic-getaway-burleigh-heads/index.html,https://burleighmotel.com.au/post/romantic-getaway-burleigh-heads/,img_tag,/images/couple-mick-schamburg-lookout-deck-sunset-surfers-ocean-burleigh-gold-coast-motel.webp,couple-mick-schamburg-lookout-deck-sunset-surfers-ocean-burleigh-gold-coast-motel.webp,Couple watching the sunset from the Mick Schamburg lookout at Burleigh Heads headland,OK,NO,
post/romantic-getaway-burleigh-heads/index.html,https://burleighmotel.com.au/post/romantic-getaway-burleigh-heads/,img_tag,/images/couple-mick-schamburg-lookout-sunset-burleigh-heads-headland-gold-coast-motel.webp,couple-mick-schamburg-lookout-sunset-burleigh-heads-headland-gold-coast-motel.webp,"Couple watching the sunset from the Mick Schamburg lookout, Burleigh Heads headland",OK,NO,
post/romantic-getaway-burleigh-heads/index.html,https://burleighmotel.com.au/post/romantic-getaway-burleigh-heads/,img_tag,/images/couple-cycling-burleigh-headland-ocean-path-nearby-gold-coast-motel.webp,couple-cycling-burleigh-headland-ocean-path-nearby-gold-coast-motel.webp,Couple cycling the coastal path at Burleigh Heads with the ocean alongside,OK,NO,
post/romantic-getaway-burleigh-heads/index.html,https://burleighmotel.com.au/post/romantic-getaway-burleigh-heads/,img_tag,/images/couple-picnic-grass-waterfront-gold-coast-skyline-nearby-burleigh-motel.webp,couple-picnic-grass-waterfront-gold-coast-skyline-nearby-burleigh-motel.webp,Couple picnicking on the Burleigh foreshore with the Gold Coast skyline in the background,OK,NO,
post/romantic-getaway-burleigh-heads/index.html,https://burleighmotel.com.au/post/romantic-getaway-burleigh-heads/,img_tag,/images/couple-outdoor-dining-waterfront-gold-coast-nearby-burleigh-motel.webp,couple-outdoor-dining-waterfront-gold-coast-nearby-burleigh-motel.webp,Couple dining outdoors at a waterfront restaurant near Burleigh Heads Gold Coast,OK,NO,
post/romantic-getaway-burleigh-heads/index.html,https://burleighmotel.com.au/post/romantic-getaway-burleigh-heads/,img_tag,/images/burleigh-gold-coast-motel-logo.png,burleigh-gold-coast-motel-logo.png,Burleigh Gold Coast Motel logo,OK,NO,
post/romantic-getaway-burleigh-heads/index.html,https://burleighmotel.com.au/post/romantic-getaway-burleigh-heads/,img_tag,/images/burleigh-heads-beach-surfers-families-gold-coast-skyline-motel.webp,burleigh-heads-beach-surfers-families-gold-coast-skyline-motel.webp,Burleigh Heads beach at sunrise,OK,NO,
post/romantic-getaway-burleigh-heads/index.html,https://burleighmotel.com.au/post/romantic-getaway-burleigh-heads/,img_tag,/images/burleigh-motel-mural-full-facade-gold-coast-highway-miami.webp,burleigh-motel-mural-full-facade-gold-coast-highway-miami.webp,Burleigh Gold Coast Motel facade,OK,NO,
post/romantic-getaway-burleigh-heads/index.html,https://burleighmotel.com.au/post/romantic-getaway-burleigh-heads/,img_tag,/images/surfers-burleigh-heads-headland-ocean-skyline-golden-hour-gold-coast-motel.webp,surfers-burleigh-heads-headland-ocean-skyline-golden-hour-gold-coast-motel.webp,Surfers at Burleigh headland,OK,NO,
post/romantic-getaway-burleigh-heads/index.html,https://burleighmotel.com.au/post/romantic-getaway-burleigh-heads/,img_tag,/images/burleigh-gold-coast-motel-logo.png,burleigh-gold-coast-motel-logo.png,Burleigh Gold Coast Motel logo,OK,NO,
post/romantic-getaway-burleigh-heads/index.html,https://burleighmotel.com.au/post/romantic-getaway-burleigh-heads/,img_tag,https://www.googletagmanager.com/ns.html?id=G-T7352DTPTN,ns.html,,EMPTY,NO,
post/school-holiday-gold-coast-accommodation/index.html,https://burleighmotel.com.au/post/school-holiday-gold-coast-accommodation/,img_tag,/images/burleigh-gold-coast-motel-logo.png,burleigh-gold-coast-motel-logo.png,Burleigh Gold Coast Motel logo,OK,NO,
post/school-holiday-gold-coast-accommodation/index.html,https://burleighmotel.com.au/post/school-holiday-gold-coast-accommodation/,img_tag,/images/movie-world-family-entrance-gate-nearby-burleigh-gold-coast-motel.webp,movie-world-family-entrance-gate-nearby-burleigh-gold-coast-motel.webp,Family at the Movie World entrance gate on the Gold Coast — 26 minutes from Burleigh Gold Coast Motel,OK,NO,
post/school-holiday-gold-coast-accommodation/index.html,https://burleighmotel.com.au/post/school-holiday-gold-coast-accommodation/,img_tag,/images/movie-world-family-entrance-gate-nearby-burleigh-gold-coast-motel.webp,movie-world-family-entrance-gate-nearby-burleigh-gold-coast-motel.webp,"Family at Movie World entrance gate, Gold Coast — 26 minutes from Burleigh Gold Coast Motel",OK,NO,
post/school-holiday-gold-coast-accommodation/index.html,https://burleighmotel.com.au/post/school-holiday-gold-coast-accommodation/,img_tag,/images/sea-world-family-arriving-entrance-gate-nearby-burleigh-gold-coast-motel.webp,sea-world-family-arriving-entrance-gate-nearby-burleigh-gold-coast-motel.webp,Family arriving at the Sea World entrance gate on the Gold Coast,OK,NO,
post/school-holiday-gold-coast-accommodation/index.html,https://burleighmotel.com.au/post/school-holiday-gold-coast-accommodation/,img_tag,/images/family-picnic-bench-beach-surf-lifesaving-flags-nearby-burleigh-gold-coast-motel.webp,family-picnic-bench-beach-surf-lifesaving-flags-nearby-burleigh-gold-coast-motel.webp,Family cooking at the free John Laws Park BBQ area in Burleigh Heads with surf flags visible,OK,NO,
post/school-holiday-gold-coast-accommodation/index.html,https://burleighmotel.com.au/post/school-holiday-gold-coast-accommodation/,img_tag,/images/tallebudgera-creek-aerial-sandbar-beach-swimmers-nearby-burleigh-gold-coast-motel.webp,tallebudgera-creek-aerial-sandbar-beach-swimmers-nearby-burleigh-gold-coast-motel.webp,Tallebudgera Creek aerial view showing sandbar and families swimming in warm shallow water,OK,NO,
post/school-holiday-gold-coast-accommodation/index.html,https://burleighmotel.com.au/post/school-holiday-gold-coast-accommodation/,img_tag,/images/burleigh-gold-coast-motel-logo.png,burleigh-gold-coast-motel-logo.png,Burleigh Gold Coast Motel logo,OK,NO,
post/school-holiday-gold-coast-accommodation/index.html,https://burleighmotel.com.au/post/school-holiday-gold-coast-accommodation/,img_tag,/images/burleigh-heads-beach-surfers-families-gold-coast-skyline-motel.webp,burleigh-heads-beach-surfers-families-gold-coast-skyline-motel.webp,Burleigh Heads beach,OK,NO,
post/school-holiday-gold-coast-accommodation/index.html,https://burleighmotel.com.au/post/school-holiday-gold-coast-accommodation/,img_tag,/images/surfers-burleigh-heads-headland-ocean-skyline-golden-hour-gold-coast-motel.webp,surfers-burleigh-heads-headland-ocean-skyline-golden-hour-gold-coast-motel.webp,Burleigh Heads surfers and skyline,OK,NO,
post/school-holiday-gold-coast-accommodation/index.html,https://burleighmotel.com.au/post/school-holiday-gold-coast-accommodation/,img_tag,/images/burleigh-gold-coast-motel-exterior-street-view-miami-qld.webp,burleigh-gold-coast-motel-exterior-street-view-miami-qld.webp,Burleigh Gold Coast Motel exterior,OK,NO,
post/school-holiday-gold-coast-accommodation/index.html,https://burleighmotel.com.au/post/school-holiday-gold-coast-accommodation/,img_tag,/images/burleigh-gold-coast-motel-logo.png,burleigh-gold-coast-motel-logo.png,Burleigh Gold Coast Motel logo,OK,NO,
post/sea-world-carnivale-2027-accommodation/index.html,https://burleighmotel.com.au/post/sea-world-carnivale-2027-accommodation/,img_tag,/images/burleigh-gold-coast-motel-logo.png,burleigh-gold-coast-motel-logo.png,Burleigh Gold Coast Motel logo,OK,NO,
post/sea-world-carnivale-2027-accommodation/index.html,https://burleighmotel.com.au/post/sea-world-carnivale-2027-accommodation/,img_tag,/images/sea-world-family-arriving-entrance-gate-nearby-burleigh-gold-coast-motel.webp,sea-world-family-arriving-entrance-gate-nearby-burleigh-gold-coast-motel.webp,Family arriving at the Sea World entrance gate on the Gold Coast — 29 minutes from Burleigh Gold Coast Motel,OK,NO,
post/sea-world-carnivale-2027-accommodation/index.html,https://burleighmotel.com.au/post/sea-world-carnivale-2027-accommodation/,img_tag,/images/sea-world-family-arriving-entrance-gate-nearby-burleigh-gold-coast-motel.webp,sea-world-family-arriving-entrance-gate-nearby-burleigh-gold-coast-motel.webp,Family arriving at the Sea World entrance gate on the Gold Coast,OK,NO,
post/sea-world-carnivale-2027-accommodation/index.html,https://burleighmotel.com.au/post/sea-world-carnivale-2027-accommodation/,img_tag,/images/sea-world-dolphin-leaping-lagoon-palm-trees-nearby-burleigh-gold-coast-motel.webp,sea-world-dolphin-leaping-lagoon-palm-trees-nearby-burleigh-gold-coast-motel.webp,Dolphins leaping at the Sea World dolphin lagoon — one of the park's headline attractions,OK,NO,
post/sea-world-carnivale-2027-accommodation/index.html,https://burleighmotel.com.au/post/sea-world-carnivale-2027-accommodation/,img_tag,/images/sea-world-dad-daughter-reef-fish-tank-nearby-burleigh-gold-coast-motel.webp,sea-world-dad-daughter-reef-fish-tank-nearby-burleigh-gold-coast-motel.webp,Dad and daughter looking at fish in a Sea World aquarium tank,OK,NO,
post/sea-world-carnivale-2027-accommodation/index.html,https://burleighmotel.com.au/post/sea-world-carnivale-2027-accommodation/,img_tag,/images/burleigh-gold-coast-motel-logo.png,burleigh-gold-coast-motel-logo.png,Burleigh Gold Coast Motel logo,OK,NO,
post/sea-world-carnivale-2027-accommodation/index.html,https://burleighmotel.com.au/post/sea-world-carnivale-2027-accommodation/,img_tag,/images/movie-world-family-entrance-gate-nearby-burleigh-gold-coast-motel.webp,movie-world-family-entrance-gate-nearby-burleigh-gold-coast-motel.webp,Family at Movie World entrance,OK,NO,
post/sea-world-carnivale-2027-accommodation/index.html,https://burleighmotel.com.au/post/sea-world-carnivale-2027-accommodation/,img_tag,/images/burleigh-heads-beach-surfers-families-gold-coast-skyline-motel.webp,burleigh-heads-beach-surfers-families-gold-coast-skyline-motel.webp,Burleigh Heads beach,OK,NO,
post/sea-world-carnivale-2027-accommodation/index.html,https://burleighmotel.com.au/post/sea-world-carnivale-2027-accommodation/,img_tag,/images/burleigh-gold-coast-motel-exterior-street-view-miami-qld.webp,burleigh-gold-coast-motel-exterior-street-view-miami-qld.webp,Burleigh Gold Coast Motel exterior,OK,NO,
post/sea-world-carnivale-2027-accommodation/index.html,https://burleighmotel.com.au/post/sea-world-carnivale-2027-accommodation/,img_tag,/images/burleigh-gold-coast-motel-logo.png,burleigh-gold-coast-motel-logo.png,Burleigh Gold Coast Motel logo,OK,NO,
post/tradie-accommodation-gold-coast-budget-rooms-in-queensland/index.html,https://burleighmotel.com.au/post/tradie-accommodation-gold-coast-budget-rooms-in-queensland/,img_tag,/images/burleigh-gold-coast-motel-logo.png,burleigh-gold-coast-motel-logo.png,Burleigh Gold Coast Motel logo,OK,NO,
post/tradie-accommodation-gold-coast-budget-rooms-in-queensland/index.html,https://burleighmotel.com.au/post/tradie-accommodation-gold-coast-budget-rooms-in-queensland/,img_tag,/images/burleigh-gold-coast-motel-exterior-mural-entrance-guest-parking.webp,burleigh-gold-coast-motel-exterior-mural-entrance-guest-parking.webp,Burleigh Gold Coast Motel mural entrance and guest parking area on the Gold Coast Highway,OK,NO,
post/tradie-accommodation-gold-coast-budget-rooms-in-queensland/index.html,https://burleighmotel.com.au/post/tradie-accommodation-gold-coast-budget-rooms-in-queensland/,img_tag,/images/burleigh-gold-coast-motel-exterior-mural-entrance-guest-parking.webp,burleigh-gold-coast-motel-exterior-mural-entrance-guest-parking.webp,Burleigh Gold Coast Motel entrance and guest parking on the Gold Coast Highway,OK,NO,
post/tradie-accommodation-gold-coast-budget-rooms-in-queensland/index.html,https://burleighmotel.com.au/post/tradie-accommodation-gold-coast-budget-rooms-in-queensland/,img_tag,/images/ground-floor-triple-no-stairs-queen-single-burleigh-motel.webp,ground-floor-triple-no-stairs-queen-single-burleigh-motel.webp,"Triple ground floor room at Burleigh Gold Coast Motel — queen and single bed, no stairs",OK,NO,
post/tradie-accommodation-gold-coast-budget-rooms-in-queensland/index.html,https://burleighmotel.com.au/post/tradie-accommodation-gold-coast-budget-rooms-in-queensland/,img_tag,/images/ground-floor-triple-room-tv-microwave-burleigh-gold-coast-motel.webp,ground-floor-triple-room-tv-microwave-burleigh-gold-coast-motel.webp,Triple ground floor room interior showing TV and microwave — Burleigh Gold Coast Motel,OK,NO,
post/tradie-accommodation-gold-coast-budget-rooms-in-queensland/index.html,https://burleighmotel.com.au/post/tradie-accommodation-gold-coast-budget-rooms-in-queensland/,img_tag,/images/burleigh-gold-coast-motel-logo.png,burleigh-gold-coast-motel-logo.png,Burleigh Gold Coast Motel logo,OK,NO,
post/tradie-accommodation-gold-coast-budget-rooms-in-queensland/index.html,https://burleighmotel.com.au/post/tradie-accommodation-gold-coast-budget-rooms-in-queensland/,img_tag,/images/burleigh-gold-coast-motel-front-entrance-vacancy-miami.webp,burleigh-gold-coast-motel-front-entrance-vacancy-miami.webp,Burleigh Gold Coast Motel front entrance,OK,NO,
post/tradie-accommodation-gold-coast-budget-rooms-in-queensland/index.html,https://burleighmotel.com.au/post/tradie-accommodation-gold-coast-budget-rooms-in-queensland/,img_tag,/images/burleigh-gold-coast-motel-exterior-street-view-miami-qld.webp,burleigh-gold-coast-motel-exterior-street-view-miami-qld.webp,Burleigh Gold Coast Motel exterior street view,OK,NO,
post/tradie-accommodation-gold-coast-budget-rooms-in-queensland/index.html,https://burleighmotel.com.au/post/tradie-accommodation-gold-coast-budget-rooms-in-queensland/,img_tag,/images/burleigh-gold-coast-motel-exterior-street-view-miami-qld.webp,burleigh-gold-coast-motel-exterior-street-view-miami-qld.webp,Burleigh Gold Coast Motel exterior,OK,NO,
post/tradie-accommodation-gold-coast-budget-rooms-in-queensland/index.html,https://burleighmotel.com.au/post/tradie-accommodation-gold-coast-budget-rooms-in-queensland/,img_tag,/images/burleigh-gold-coast-motel-logo.png,burleigh-gold-coast-motel-logo.png,Burleigh Gold Coast Motel logo,OK,NO,
post/why-burleigh-best-place-stay-gold-coast/index.html,https://burleighmotel.com.au/post/why-burleigh-best-place-stay-gold-coast/,img_tag,/images/burleigh-gold-coast-motel-logo.png,burleigh-gold-coast-motel-logo.png,Burleigh Gold Coast Motel logo,OK,NO,
post/why-burleigh-best-place-stay-gold-coast/index.html,https://burleighmotel.com.au/post/why-burleigh-best-place-stay-gold-coast/,img_tag,/images/burleigh-motel-mural-full-facade-gold-coast-highway-miami.webp,burleigh-motel-mural-full-facade-gold-coast-highway-miami.webp,"Burleigh Gold Coast Motel mural facade on the Gold Coast Highway, Miami QLD",OK,NO,
post/why-burleigh-best-place-stay-gold-coast/index.html,https://burleighmotel.com.au/post/why-burleigh-best-place-stay-gold-coast/,img_tag,/images/burleigh-heads-beach-morning-surfers-paradise-skyline-wide-gold-coast-motel.webp,burleigh-heads-beach-morning-surfers-paradise-skyline-wide-gold-coast-motel.webp,Burleigh Beach on a calm morning with the Gold Coast skyline in the background,OK,NO,
post/why-burleigh-best-place-stay-gold-coast/index.html,https://burleighmotel.com.au/post/why-burleigh-best-place-stay-gold-coast/,img_tag,/images/couple-walking-burleigh-heads-national-park-cliff-path-ocean-gold-coast-motel.webp,couple-walking-burleigh-heads-national-park-cliff-path-ocean-gold-coast-motel.webp,Couple walking the cliff path through Burleigh Heads National Park with the ocean below,OK,NO,
post/why-burleigh-best-place-stay-gold-coast/index.html,https://burleighmotel.com.au/post/why-burleigh-best-place-stay-gold-coast/,img_tag,/images/women-ice-cream-cones-outdoor-cafe-burleigh-nearby-gold-coast-motel.webp,women-ice-cream-cones-outdoor-cafe-burleigh-nearby-gold-coast-motel.webp,"Two women with ice cream outside a café on James Street, Burleigh Heads",OK,NO,
post/why-burleigh-best-place-stay-gold-coast/index.html,https://burleighmotel.com.au/post/why-burleigh-best-place-stay-gold-coast/,img_tag,/images/burleigh-gold-coast-motel-exterior-street-view-miami-qld.webp,burleigh-gold-coast-motel-exterior-street-view-miami-qld.webp,"Burleigh Gold Coast Motel exterior street view on the Gold Coast Highway, Miami QLD",OK,NO,
post/why-burleigh-best-place-stay-gold-coast/index.html,https://burleighmotel.com.au/post/why-burleigh-best-place-stay-gold-coast/,img_tag,/images/burleigh-gold-coast-motel-logo.png,burleigh-gold-coast-motel-logo.png,Burleigh Gold Coast Motel logo,OK,NO,
post/why-burleigh-best-place-stay-gold-coast/index.html,https://burleighmotel.com.au/post/why-burleigh-best-place-stay-gold-coast/,img_tag,/images/burleigh-heads-beach-surfers-families-gold-coast-skyline-motel.webp,burleigh-heads-beach-surfers-families-gold-coast-skyline-motel.webp,Burleigh Heads beach — free things to do guide,OK,NO,
post/why-burleigh-best-place-stay-gold-coast/index.html,https://burleighmotel.com.au/post/why-burleigh-best-place-stay-gold-coast/,img_tag,/images/couple-mick-schamburg-lookout-deck-sunset-surfers-ocean-burleigh-gold-coast-motel.webp,couple-mick-schamburg-lookout-deck-sunset-surfers-ocean-burleigh-gold-coast-motel.webp,Couple at sunset on the Mick Schamburg lookout,OK,NO,
post/why-burleigh-best-place-stay-gold-coast/index.html,https://burleighmotel.com.au/post/why-burleigh-best-place-stay-gold-coast/,img_tag,/images/surfers-burleigh-heads-headland-ocean-skyline-golden-hour-gold-coast-motel.webp,surfers-burleigh-heads-headland-ocean-skyline-golden-hour-gold-coast-motel.webp,Surfers at Burleigh headland at golden hour,OK,NO,
post/why-burleigh-best-place-stay-gold-coast/index.html,https://burleighmotel.com.au/post/why-burleigh-best-place-stay-gold-coast/,img_tag,/images/burleigh-gold-coast-motel-logo.png,burleigh-gold-coast-motel-logo.png,Burleigh Gold Coast Motel logo,OK,NO,
post/why-burleigh-best-place-stay-gold-coast/index.html,https://burleighmotel.com.au/post/why-burleigh-best-place-stay-gold-coast/,img_tag,https://www.googletagmanager.com/ns.html?id=G-T7352DTPTN,ns.html,,EMPTY,NO,
privacy/index.html,https://burleighmotel.com.au/privacy/,img_tag,/images/burleigh-gold-coast-motel-logo.png,burleigh-gold-coast-motel-logo.png,Burleigh Gold Coast Motel logo,OK,NO,
privacy/index.html,https://burleighmotel.com.au/privacy/,img_tag,/images/burleigh-gold-coast-motel-logo.png,burleigh-gold-coast-motel-logo.png,Burleigh Gold Coast Motel,OK,NO,
privacy/index.html,https://burleighmotel.com.au/privacy/,img_tag,https://www.googletagmanager.com/ns.html?id=G-T7352DTPTN,ns.html,,EMPTY,NO,
rooms/double/index.html,https://burleighmotel.com.au/rooms/double/,img_tag,/images/burleigh-gold-coast-motel-logo.png,burleigh-gold-coast-motel-logo.png,Burleigh Gold Coast Motel logo,OK,NO,
rooms/double/index.html,https://burleighmotel.com.au/rooms/double/,img_tag,/images/double-queen-room-ceiling-fan-air-con-burleigh-gold-coast-motel.webp,double-queen-room-ceiling-fan-air-con-burleigh-gold-coast-motel.webp,"Double room with queen bed, ceiling fan and air conditioning — Burleigh Gold Coast Motel",OK,NO,
rooms/double/index.html,https://burleighmotel.com.au/rooms/double/,img_tag,/images/private-ensuite-vessel-sink-arch-mirror-burleigh-motel.webp,private-ensuite-vessel-sink-arch-mirror-burleigh-motel.webp,Private ensuite with shower and vessel sink vanity — Burleigh Gold Coast Motel,OK,NO,
rooms/double/index.html,https://burleighmotel.com.au/rooms/double/,img_tag,/images/double-queen-room-ensuite-microwave-bar-fridge-burleigh-motel.webp,double-queen-room-ensuite-microwave-bar-fridge-burleigh-motel.webp,"Double room with microwave, bar fridge and private ensuite — Burleigh Gold Coast Motel",OK,NO,
rooms/double/index.html,https://burleighmotel.com.au/rooms/double/,img_tag,/images/burleigh-gold-coast-motel-logo.png,burleigh-gold-coast-motel-logo.png,Burleigh Gold Coast Motel,OK,NO,
rooms/double/index.html,https://burleighmotel.com.au/rooms/double/,img_tag,https://www.google-analytics.com/collect?v=1&t=pageview&tid=G-T7352DTPTN&cid=555&dp=%2Frooms%2Fdouble%2F,collect,,EMPTY,NO,
rooms/double/index.html,https://burleighmotel.com.au/rooms/double/,background_image,/images/double-queen-room-ceiling-fan-air-con-burleigh-gold-coast-motel.webp,double-queen-room-ceiling-fan-air-con-burleigh-gold-coast-motel.webp,,N/A,NO,
rooms/double/index.html,https://burleighmotel.com.au/rooms/double/,background_image,/images/ground-floor-triple-room-tv-microwave-burleigh-gold-coast-motel.webp,ground-floor-triple-room-tv-microwave-burleigh-gold-coast-motel.webp,,N/A,NO,
rooms/double/index.html,https://burleighmotel.com.au/rooms/double/,background_image,/images/triple-room-queen-single-ocean-view-burleigh-gold-coast-motel.webp,triple-room-queen-single-ocean-view-burleigh-gold-coast-motel.webp,,N/A,NO,
rooms/family/index.html,https://burleighmotel.com.au/rooms/family/,img_tag,/images/burleigh-gold-coast-motel-logo.png,burleigh-gold-coast-motel-logo.png,Burleigh Gold Coast Motel logo,OK,NO,
rooms/family/index.html,https://burleighmotel.com.au/rooms/family/,img_tag,/images/family-room-queen-three-singles-burleigh-gold-coast-motel.webp,family-room-queen-three-singles-burleigh-gold-coast-motel.webp,Family room with one queen bed and three single beds — Burleigh Gold Coast Motel,OK,NO,
rooms/family/index.html,https://burleighmotel.com.au/rooms/family/,img_tag,/images/private-ensuite-vessel-sink-arch-mirror-burleigh-motel.webp,private-ensuite-vessel-sink-arch-mirror-burleigh-motel.webp,Private ensuite with shower and vessel sink vanity — Burleigh Gold Coast Motel,OK,NO,
rooms/family/index.html,https://burleighmotel.com.au/rooms/family/,img_tag,/images/burleigh-gold-coast-motel-pool-sun-lounges-courtyard.webp,burleigh-gold-coast-motel-pool-sun-lounges-courtyard.webp,Outdoor pool with sun lounges at Burleigh Gold Coast Motel,OK,NO,
rooms/family/index.html,https://burleighmotel.com.au/rooms/family/,img_tag,/images/burleigh-gold-coast-motel-logo.png,burleigh-gold-coast-motel-logo.png,Burleigh Gold Coast Motel,OK,NO,
rooms/family/index.html,https://burleighmotel.com.au/rooms/family/,img_tag,https://www.google-analytics.com/collect?v=1&t=pageview&tid=G-T7352DTPTN&cid=555&dp=%2Frooms%2Ffamily%2F,collect,,EMPTY,NO,
rooms/family/index.html,https://burleighmotel.com.au/rooms/family/,background_image,/images/family-room-queen-three-singles-burleigh-gold-coast-motel.webp,family-room-queen-three-singles-burleigh-gold-coast-motel.webp,,N/A,NO,
rooms/family/index.html,https://burleighmotel.com.au/rooms/family/,background_image,/images/interconnecting-rooms-queen-single-beds-burleigh-heads-mote.webp,interconnecting-rooms-queen-single-beds-burleigh-heads-mote.webp,,N/A,NO,
rooms/family/index.html,https://burleighmotel.com.au/rooms/family/,background_image,/images/quad-room-queen-two-singles-burleigh-gold-coast-motel.webp,quad-room-queen-two-singles-burleigh-gold-coast-motel.webp,,N/A,NO,
rooms/index.html,https://burleighmotel.com.au/rooms/,img_tag,/images/burleigh-gold-coast-motel-logo.png,burleigh-gold-coast-motel-logo.png,Burleigh Gold Coast Motel logo,OK,NO,
rooms/index.html,https://burleighmotel.com.au/rooms/,img_tag,/images/double-queen-room-ensuite-microwave-bar-fridge-burleigh-motel.webp,double-queen-room-ensuite-microwave-bar-fridge-burleigh-motel.webp,"Double room with microwave, bar fridge and private ensuite",OK,NO,
rooms/index.html,https://burleighmotel.com.au/rooms/,img_tag,/images/private-ensuite-vessel-sink-arch-mirror-burleigh-motel.webp,private-ensuite-vessel-sink-arch-mirror-burleigh-motel.webp,Private ensuite with shower and vessel sink vanity,OK,NO,
rooms/index.html,https://burleighmotel.com.au/rooms/,img_tag,/images/burleigh-gold-coast-motel-pool-sun-lounges-courtyard.webp,burleigh-gold-coast-motel-pool-sun-lounges-courtyard.webp,Outdoor pool with sun lounges at Burleigh Gold Coast Motel,OK,NO,
rooms/index.html,https://burleighmotel.com.au/rooms/,img_tag,/images/ground-floor-triple-no-stairs-queen-single-burleigh-motel.webp,ground-floor-triple-no-stairs-queen-single-burleigh-motel.webp,"Ground floor triple room with queen and single bed, no stairs",OK,NO,
rooms/index.html,https://burleighmotel.com.au/rooms/,img_tag,/images/private-ensuite-vessel-sink-arch-mirror-burleigh-motel.webp,private-ensuite-vessel-sink-arch-mirror-burleigh-motel.webp,Private ensuite with shower and vessel sink vanity,OK,NO,
rooms/index.html,https://burleighmotel.com.au/rooms/,img_tag,/images/burleigh-gold-coast-motel-pool-sun-lounges-courtyard.webp,burleigh-gold-coast-motel-pool-sun-lounges-courtyard.webp,Outdoor pool with sun lounges at Burleigh Gold Coast Motel,OK,NO,
rooms/index.html,https://burleighmotel.com.au/rooms/,img_tag,/images/triple-room-queen-single-tv-fridge-burleigh-motel.webp,triple-room-queen-single-tv-fridge-burleigh-motel.webp,"Triple room with queen and single bed, TV and bar fridge",OK,NO,
rooms/index.html,https://burleighmotel.com.au/rooms/,img_tag,/images/private-ensuite-vessel-sink-arch-mirror-burleigh-motel.webp,private-ensuite-vessel-sink-arch-mirror-burleigh-motel.webp,Private ensuite with shower and vessel sink vanity,OK,NO,
rooms/index.html,https://burleighmotel.com.au/rooms/,img_tag,/images/triple-room-sleeps-3-air-con-burleigh-heads-motel.webp,triple-room-sleeps-3-air-con-burleigh-heads-motel.webp,"Triple room sleeps three, with air conditioning",OK,NO,
rooms/index.html,https://burleighmotel.com.au/rooms/,img_tag,/images/burleigh-gold-coast-motel-pool-sun-lounges-courtyard.webp,burleigh-gold-coast-motel-pool-sun-lounges-courtyard.webp,Outdoor pool with sun lounges at Burleigh Gold Coast Motel,OK,NO,
rooms/index.html,https://burleighmotel.com.au/rooms/,img_tag,/images/private-ensuite-vessel-sink-arch-mirror-burleigh-motel.webp,private-ensuite-vessel-sink-arch-mirror-burleigh-motel.webp,Private ensuite with shower and vessel sink vanity,OK,NO,
rooms/index.html,https://burleighmotel.com.au/rooms/,img_tag,/images/burleigh-motel-mural-palm-trees-gold-coast-highway-miami.webp,burleigh-motel-mural-palm-trees-gold-coast-highway-miami.webp,Floral mural and palm trees outside Burleigh Gold Coast Motel,OK,NO,
rooms/index.html,https://burleighmotel.com.au/rooms/,img_tag,/images/burleigh-gold-coast-motel-pool-sun-lounges-courtyard.webp,burleigh-gold-coast-motel-pool-sun-lounges-courtyard.webp,Outdoor pool with sun lounges at Burleigh Gold Coast Motel,OK,NO,
rooms/index.html,https://burleighmotel.com.au/rooms/,img_tag,/images/private-ensuite-vessel-sink-arch-mirror-burleigh-motel.webp,private-ensuite-vessel-sink-arch-mirror-burleigh-motel.webp,Private ensuite with shower and vessel sink vanity,OK,NO,
rooms/index.html,https://burleighmotel.com.au/rooms/,img_tag,/images/burleigh-motel-mural-palm-trees-gold-coast-highway-miami.webp,burleigh-motel-mural-palm-trees-gold-coast-highway-miami.webp,Floral mural and palm trees outside Burleigh Gold Coast Motel,OK,NO,
rooms/index.html,https://burleighmotel.com.au/rooms/,img_tag,/images/interconnecting-room-six-guests-v2-burleigh-gold-coast-motel.webp,interconnecting-room-six-guests-v2-burleigh-gold-coast-motel.webp,Interconnecting rooms with bedding for six guests,OK,NO,
rooms/index.html,https://burleighmotel.com.au/rooms/,img_tag,/images/private-ensuite-vessel-sink-arch-mirror-burleigh-motel.webp,private-ensuite-vessel-sink-arch-mirror-burleigh-motel.webp,Private ensuite with shower and vessel sink vanity,OK,NO,
rooms/index.html,https://burleighmotel.com.au/rooms/,img_tag,/images/interconnecting-rooms-dining-area-tv-burleigh-gold-coast-motel.webp,interconnecting-rooms-dining-area-tv-burleigh-gold-coast-motel.webp,Dining area and TV in the interconnecting rooms,OK,NO,
rooms/index.html,https://burleighmotel.com.au/rooms/,img_tag,/images/burleigh-gold-coast-motel-logo.png,burleigh-gold-coast-motel-logo.png,Burleigh Gold Coast Motel,OK,NO,
rooms/index.html,https://burleighmotel.com.au/rooms/,img_tag,https://www.google-analytics.com/collect?v=1&t=pageview&tid=G-T7352DTPTN&cid=555&dp=%2Frooms%2F,collect,,EMPTY,NO,
rooms/index.html,https://burleighmotel.com.au/rooms/,background_image,/images/double-queen-room-ceiling-fan-air-con-burleigh-gold-coast-motel.webp,double-queen-room-ceiling-fan-air-con-burleigh-gold-coast-motel.webp,,N/A,NO,
rooms/index.html,https://burleighmotel.com.au/rooms/,background_image,/images/ground-floor-triple-room-tv-microwave-burleigh-gold-coast-motel.webp,ground-floor-triple-room-tv-microwave-burleigh-gold-coast-motel.webp,,N/A,NO,
rooms/index.html,https://burleighmotel.com.au/rooms/,background_image,/images/triple-room-queen-single-ocean-view-burleigh-gold-coast-motel.webp,triple-room-queen-single-ocean-view-burleigh-gold-coast-motel.webp,,N/A,NO,
rooms/index.html,https://burleighmotel.com.au/rooms/,background_image,/images/quad-room-queen-two-singles-burleigh-gold-coast-motel.webp,quad-room-queen-two-singles-burleigh-gold-coast-motel.webp,,N/A,NO,
rooms/index.html,https://burleighmotel.com.au/rooms/,background_image,/images/family-room-queen-three-singles-burleigh-gold-coast-motel.webp,family-room-queen-three-singles-burleigh-gold-coast-motel.webp,,N/A,NO,
rooms/index.html,https://burleighmotel.com.au/rooms/,background_image,/images/interconnecting-rooms-queen-single-beds-burleigh-heads-mote.webp,interconnecting-rooms-queen-single-beds-burleigh-heads-mote.webp,,N/A,NO,
rooms/interconnecting/index.html,https://burleighmotel.com.au/rooms/interconnecting/,img_tag,/images/burleigh-gold-coast-motel-logo.png,burleigh-gold-coast-motel-logo.png,Burleigh Gold Coast Motel logo,OK,NO,
rooms/interconnecting/index.html,https://burleighmotel.com.au/rooms/interconnecting/,img_tag,/images/interconnecting-rooms-queen-single-beds-burleigh-heads-mote.webp,interconnecting-rooms-queen-single-beds-burleigh-heads-mote.webp,Interconnecting rooms with queen and single beds — Burleigh Gold Coast Motel,OK,NO,
rooms/interconnecting/index.html,https://burleighmotel.com.au/rooms/interconnecting/,img_tag,/images/interconnecting-room-six-guests-v2-burleigh-gold-coast-motel.webp,interconnecting-room-six-guests-v2-burleigh-gold-coast-motel.webp,Interconnecting rooms with bedding for six guests — Burleigh Gold Coast Motel,OK,NO,
rooms/interconnecting/index.html,https://burleighmotel.com.au/rooms/interconnecting/,img_tag,/images/private-ensuite-vessel-sink-arch-mirror-burleigh-motel.webp,private-ensuite-vessel-sink-arch-mirror-burleigh-motel.webp,Private ensuite with shower and vessel sink vanity — Burleigh Gold Coast Motel,OK,NO,
rooms/interconnecting/index.html,https://burleighmotel.com.au/rooms/interconnecting/,img_tag,/images/interconnecting-rooms-dining-area-tv-burleigh-gold-coast-motel.webp,interconnecting-rooms-dining-area-tv-burleigh-gold-coast-motel.webp,Dining area and TV in the interconnecting rooms — Burleigh Gold Coast Motel,OK,NO,
rooms/interconnecting/index.html,https://burleighmotel.com.au/rooms/interconnecting/,img_tag,/images/burleigh-gold-coast-motel-logo.png,burleigh-gold-coast-motel-logo.png,Burleigh Gold Coast Motel,OK,NO,
rooms/interconnecting/index.html,https://burleighmotel.com.au/rooms/interconnecting/,img_tag,https://www.google-analytics.com/collect?v=1&t=pageview&tid=G-T7352DTPTN&cid=555&dp=%2Frooms%2Finterconnecting%2F,collect,,EMPTY,NO,
rooms/interconnecting/index.html,https://burleighmotel.com.au/rooms/interconnecting/,background_image,/images/interconnecting-rooms-queen-single-beds-burleigh-heads-mote.webp,interconnecting-rooms-queen-single-beds-burleigh-heads-mote.webp,,N/A,NO,
rooms/interconnecting/index.html,https://burleighmotel.com.au/rooms/interconnecting/,background_image,/images/family-room-queen-three-singles-burleigh-gold-coast-motel.webp,family-room-queen-three-singles-burleigh-gold-coast-motel.webp,,N/A,NO,
rooms/interconnecting/index.html,https://burleighmotel.com.au/rooms/interconnecting/,background_image,/images/quad-room-queen-two-singles-burleigh-gold-coast-motel.webp,quad-room-queen-two-singles-burleigh-gold-coast-motel.webp,,N/A,NO,
rooms/quad/index.html,https://burleighmotel.com.au/rooms/quad/,img_tag,/images/burleigh-gold-coast-motel-logo.png,burleigh-gold-coast-motel-logo.png,Burleigh Gold Coast Motel logo,OK,NO,
rooms/quad/index.html,https://burleighmotel.com.au/rooms/quad/,img_tag,/images/quad-room-queen-two-singles-burleigh-gold-coast-motel.webp,quad-room-queen-two-singles-burleigh-gold-coast-motel.webp,Quad room with one queen bed and two single beds — Burleigh Gold Coast Motel,OK,NO,
rooms/quad/index.html,https://burleighmotel.com.au/rooms/quad/,img_tag,/images/private-ensuite-vessel-sink-arch-mirror-burleigh-motel.webp,private-ensuite-vessel-sink-arch-mirror-burleigh-motel.webp,Private ensuite with shower and vessel sink vanity — Burleigh Gold Coast Motel,OK,NO,
rooms/quad/index.html,https://burleighmotel.com.au/rooms/quad/,img_tag,/images/burleigh-gold-coast-motel-pool-sun-lounges-courtyard.webp,burleigh-gold-coast-motel-pool-sun-lounges-courtyard.webp,Outdoor pool with sun lounges at Burleigh Gold Coast Motel,OK,NO,
rooms/quad/index.html,https://burleighmotel.com.au/rooms/quad/,img_tag,/images/burleigh-gold-coast-motel-logo.png,burleigh-gold-coast-motel-logo.png,Burleigh Gold Coast Motel,OK,NO,
rooms/quad/index.html,https://burleighmotel.com.au/rooms/quad/,img_tag,https://www.google-analytics.com/collect?v=1&t=pageview&tid=G-T7352DTPTN&cid=555&dp=%2Frooms%2Fquad%2F,collect,,EMPTY,NO,
rooms/quad/index.html,https://burleighmotel.com.au/rooms/quad/,background_image,/images/quad-room-queen-two-singles-burleigh-gold-coast-motel.webp,quad-room-queen-two-singles-burleigh-gold-coast-motel.webp,,N/A,NO,
rooms/quad/index.html,https://burleighmotel.com.au/rooms/quad/,background_image,/images/family-room-queen-three-singles-burleigh-gold-coast-motel.webp,family-room-queen-three-singles-burleigh-gold-coast-motel.webp,,N/A,NO,
rooms/quad/index.html,https://burleighmotel.com.au/rooms/quad/,background_image,/images/interconnecting-rooms-queen-single-beds-burleigh-heads-mote.webp,interconnecting-rooms-queen-single-beds-burleigh-heads-mote.webp,,N/A,NO,
rooms/triple-ground-floor/index.html,https://burleighmotel.com.au/rooms/triple-ground-floor/,img_tag,/images/burleigh-gold-coast-motel-logo.png,burleigh-gold-coast-motel-logo.png,Burleigh Gold Coast Motel logo,OK,NO,
rooms/triple-ground-floor/index.html,https://burleighmotel.com.au/rooms/triple-ground-floor/,img_tag,/images/ground-floor-triple-room-tv-microwave-burleigh-gold-coast-motel.webp,ground-floor-triple-room-tv-microwave-burleigh-gold-coast-motel.webp,Ground floor triple room with TV and microwave — Burleigh Gold Coast Motel,OK,NO,
rooms/triple-ground-floor/index.html,https://burleighmotel.com.au/rooms/triple-ground-floor/,img_tag,/images/private-ensuite-vessel-sink-arch-mirror-burleigh-motel.webp,private-ensuite-vessel-sink-arch-mirror-burleigh-motel.webp,Private ensuite with shower and vessel sink vanity — Burleigh Gold Coast Motel,OK,NO,
rooms/triple-ground-floor/index.html,https://burleighmotel.com.au/rooms/triple-ground-floor/,img_tag,/images/ground-floor-triple-no-stairs-queen-single-burleigh-motel.webp,ground-floor-triple-no-stairs-queen-single-burleigh-motel.webp,"Ground floor triple room with queen and single bed, no stairs — Burleigh Gold Coast Motel",OK,NO,
rooms/triple-ground-floor/index.html,https://burleighmotel.com.au/rooms/triple-ground-floor/,img_tag,/images/burleigh-gold-coast-motel-logo.png,burleigh-gold-coast-motel-logo.png,Burleigh Gold Coast Motel,OK,NO,
rooms/triple-ground-floor/index.html,https://burleighmotel.com.au/rooms/triple-ground-floor/,img_tag,https://www.google-analytics.com/collect?v=1&t=pageview&tid=G-T7352DTPTN&cid=555&dp=%2Frooms%2Ftriple-ground-floor%2F,collect,,EMPTY,NO,
rooms/triple-ground-floor/index.html,https://burleighmotel.com.au/rooms/triple-ground-floor/,background_image,/images/ground-floor-triple-room-tv-microwave-burleigh-gold-coast-motel.webp,ground-floor-triple-room-tv-microwave-burleigh-gold-coast-motel.webp,,N/A,NO,
rooms/triple-ground-floor/index.html,https://burleighmotel.com.au/rooms/triple-ground-floor/,background_image,/images/triple-room-queen-single-ocean-view-burleigh-gold-coast-motel.webp,triple-room-queen-single-ocean-view-burleigh-gold-coast-motel.webp,,N/A,NO,
rooms/triple-ground-floor/index.html,https://burleighmotel.com.au/rooms/triple-ground-floor/,background_image,/images/family-room-queen-three-singles-burleigh-gold-coast-motel.webp,family-room-queen-three-singles-burleigh-gold-coast-motel.webp,,N/A,NO,
rooms/triple-upstairs/index.html,https://burleighmotel.com.au/rooms/triple-upstairs/,img_tag,/images/burleigh-gold-coast-motel-logo.png,burleigh-gold-coast-motel-logo.png,Burleigh Gold Coast Motel logo,OK,NO,
rooms/triple-upstairs/index.html,https://burleighmotel.com.au/rooms/triple-upstairs/,img_tag,/images/triple-room-queen-single-ocean-view-burleigh-gold-coast-motel.webp,triple-room-queen-single-ocean-view-burleigh-gold-coast-motel.webp,Triple room with queen and single bed and ocean view — Burleigh Gold Coast Motel,OK,NO,
rooms/triple-upstairs/index.html,https://burleighmotel.com.au/rooms/triple-upstairs/,img_tag,/images/triple-room-queen-single-tv-fridge-burleigh-motel.webp,triple-room-queen-single-tv-fridge-burleigh-motel.webp,"Triple room with queen and single bed, TV and bar fridge — Burleigh Gold Coast Motel",OK,NO,
rooms/triple-upstairs/index.html,https://burleighmotel.com.au/rooms/triple-upstairs/,img_tag,/images/private-ensuite-vessel-sink-arch-mirror-burleigh-motel.webp,private-ensuite-vessel-sink-arch-mirror-burleigh-motel.webp,Private ensuite with shower and vessel sink vanity — Burleigh Gold Coast Motel,OK,NO,
rooms/triple-upstairs/index.html,https://burleighmotel.com.au/rooms/triple-upstairs/,img_tag,/images/triple-room-sleeps-3-air-con-burleigh-heads-motel.webp,triple-room-sleeps-3-air-con-burleigh-heads-motel.webp,"Triple room sleeps three, with air conditioning — Burleigh Gold Coast Motel",OK,NO,
rooms/triple-upstairs/index.html,https://burleighmotel.com.au/rooms/triple-upstairs/,img_tag,/images/burleigh-gold-coast-motel-logo.png,burleigh-gold-coast-motel-logo.png,Burleigh Gold Coast Motel,OK,NO,
rooms/triple-upstairs/index.html,https://burleighmotel.com.au/rooms/triple-upstairs/,img_tag,https://www.google-analytics.com/collect?v=1&t=pageview&tid=G-T7352DTPTN&cid=555&dp=%2Frooms%2Ftriple-upstairs%2F,collect,,EMPTY,NO,
rooms/triple-upstairs/index.html,https://burleighmotel.com.au/rooms/triple-upstairs/,background_image,/images/triple-room-queen-single-ocean-view-burleigh-gold-coast-motel.webp,triple-room-queen-single-ocean-view-burleigh-gold-coast-motel.webp,,N/A,NO,
rooms/triple-upstairs/index.html,https://burleighmotel.com.au/rooms/triple-upstairs/,background_image,/images/ground-floor-triple-room-tv-microwave-burleigh-gold-coast-motel.webp,ground-floor-triple-room-tv-microwave-burleigh-gold-coast-motel.webp,,N/A,NO,
rooms/triple-upstairs/index.html,https://burleighmotel.com.au/rooms/triple-upstairs/,background_image,/images/quad-room-queen-two-singles-burleigh-gold-coast-motel.webp,quad-room-queen-two-singles-burleigh-gold-coast-motel.webp,,N/A,NO,
sea-world-accommodation-gold-coast/index.html,https://burleighmotel.com.au/sea-world-accommodation-gold-coast/,img_tag,/images/burleigh-gold-coast-motel-logo.png,burleigh-gold-coast-motel-logo.png,Burleigh Gold Coast Motel logo,OK,NO,
sea-world-accommodation-gold-coast/index.html,https://burleighmotel.com.au/sea-world-accommodation-gold-coast/,img_tag,/images/burleigh-gold-coast-motel-logo.png,burleigh-gold-coast-motel-logo.png,Burleigh Gold Coast Motel,OK,NO,
sea-world-accommodation-gold-coast/index.html,https://burleighmotel.com.au/sea-world-accommodation-gold-coast/,background_image,/images/sea-world-dolphin-leaping-lagoon-palm-trees-nearby-burleigh-gold-coast-motel.webp,sea-world-dolphin-leaping-lagoon-palm-trees-nearby-burleigh-gold-coast-motel.webp,,N/A,NO,
sea-world-accommodation-gold-coast/index.html,https://burleighmotel.com.au/sea-world-accommodation-gold-coast/,background_image,/images/sea-world-family-dolphin-interaction-lagoon-nearby-burleigh-gold-coast-motel.webp,sea-world-family-dolphin-interaction-lagoon-nearby-burleigh-gold-coast-motel.webp,,N/A,NO,
sea-world-accommodation-gold-coast/index.html,https://burleighmotel.com.au/sea-world-accommodation-gold-coast/,background_image,/images/sea-world-cruises-catamaran-aerial-group-gold-coast-nearby-burleigh-motel.webp,sea-world-cruises-catamaran-aerial-group-gold-coast-nearby-burleigh-motel.webp,,N/A,NO,
sea-world-accommodation-gold-coast/index.html,https://burleighmotel.com.au/sea-world-accommodation-gold-coast/,background_image,/images/sea-world-dad-son-shark-tank-back-view-nearby-burleigh-gold-coast-motel.webp,sea-world-dad-son-shark-tank-back-view-nearby-burleigh-gold-coast-motel.webp,,N/A,NO,
sea-world-accommodation-gold-coast/index.html,https://burleighmotel.com.au/sea-world-accommodation-gold-coast/,background_image,/images/sea-world-couple-snorkelling-coral-reef-underwater-nearby-burleigh-gold-coast-motel.webp,sea-world-couple-snorkelling-coral-reef-underwater-nearby-burleigh-gold-coast-motel.webp,,N/A,NO,
sea-world-accommodation-gold-coast/index.html,https://burleighmotel.com.au/sea-world-accommodation-gold-coast/,background_image,/images/sea-world-spongebob-kid-high-five-bikini-bottom-nearby-burleigh-gold-coast-motel.webp,sea-world-spongebob-kid-high-five-bikini-bottom-nearby-burleigh-gold-coast-motel.webp,,N/A,NO,
see-do/index.html,https://burleighmotel.com.au/see-do/,img_tag,/images/burleigh-gold-coast-motel-logo.png,burleigh-gold-coast-motel-logo.png,Burleigh Gold Coast Motel logo,OK,NO,
see-do/index.html,https://burleighmotel.com.au/see-do/,img_tag,/images/burleigh-gold-coast-motel-logo.png,burleigh-gold-coast-motel-logo.png,Burleigh Gold Coast Motel,OK,NO,
see-do/index.html,https://burleighmotel.com.au/see-do/,img_tag,https://www.google-analytics.com/collect?v=1&t=pageview&tid=G-T7352DTPTN&cid=555&dp=%2Fsee-do%2F,collect,,EMPTY,NO,
see-do/index.html,https://burleighmotel.com.au/see-do/,background_image,/images/warner-bros-movie-world-gold-coast-attraction-burleigh-motel-accommodation.webp,warner-bros-movie-world-gold-coast-attraction-burleigh-motel-accommodation.webp,,N/A,NO,
see-do/index.html,https://burleighmotel.com.au/see-do/,background_image,/images/sea-world-gold-coast-marine-experience-burleigh-motel-accommodation.webp,sea-world-gold-coast-marine-experience-burleigh-motel-accommodation.webp,,N/A,NO,
see-do/index.html,https://burleighmotel.com.au/see-do/,background_image,/images/wet-n-wild-gold-coast-wave-pool-group-friends-burleigh-motel-accommodation.webp,wet-n-wild-gold-coast-wave-pool-group-friends-burleigh-motel-accommodation.webp,,N/A,NO,
see-do/index.html,https://burleighmotel.com.au/see-do/,background_image,/images/north-burleigh-heads-beach-aerial-gold-coast.webp,north-burleigh-heads-beach-aerial-gold-coast.webp,,N/A,NO,
see-do/index.html,https://burleighmotel.com.au/see-do/,background_image,/images/burleigh-heads-national-park-gold-coast.webp,burleigh-heads-national-park-gold-coast.webp,,N/A,NO,
see-do/index.html,https://burleighmotel.com.au/see-do/,background_image,/images/miami-hill-lookout-sunset-gold-coast-burleigh-motel-accommodation.webp,miami-hill-lookout-sunset-gold-coast-burleigh-motel-accommodation.webp,,N/A,NO,
see-do/movie-world/index.html,https://burleighmotel.com.au/see-do/movie-world/,img_tag,/images/burleigh-gold-coast-motel-logo.png,burleigh-gold-coast-motel-logo.png,Burleigh Gold Coast Motel logo,OK,NO,
see-do/movie-world/index.html,https://burleighmotel.com.au/see-do/movie-world/,img_tag,/images/burleigh-gold-coast-motel-logo.png,burleigh-gold-coast-motel-logo.png,Burleigh Gold Coast Motel,OK,NO,
see-do/movie-world/index.html,https://burleighmotel.com.au/see-do/movie-world/,img_tag,https://www.google-analytics.com/collect?v=1&t=pageview&tid=G-T7352DTPTN&cid=555&dp=%2Fsee-do%2Fmovie-world%2F,collect,,EMPTY,NO,
see-do/movie-world/index.html,https://burleighmotel.com.au/see-do/movie-world/,background_image,/images/movie-world-family-selfie-entrance-gate-nearby-burleigh-gold-coast-motel.webp,movie-world-family-selfie-entrance-gate-nearby-burleigh-gold-coast-motel.webp,,N/A,NO,
see-do/movie-world/index.html,https://burleighmotel.com.au/see-do/movie-world/,background_image,/images/movie-world-joker-ride-couple-laughing-nearby-burleigh-gold-coast-motel.webp,movie-world-joker-ride-couple-laughing-nearby-burleigh-gold-coast-motel.webp,,N/A,NO,
see-do/movie-world/index.html,https://burleighmotel.com.au/see-do/movie-world/,background_image,/images/movie-world-superman-escape-roller-coaster-nearby-burleigh-gold-coast-motel.webp,movie-world-superman-escape-roller-coaster-nearby-burleigh-gold-coast-motel.webp,,N/A,NO,
see-do/movie-world/index.html,https://burleighmotel.com.au/see-do/movie-world/,background_image,/images/movie-world-street-parade-marilyn-monroe-vintage-car-nearby-burleigh-gold-coast-motel.webp,movie-world-street-parade-marilyn-monroe-vintage-car-nearby-burleigh-gold-coast-motel.webp,,N/A,NO,
see-do/movie-world/index.html,https://burleighmotel.com.au/see-do/movie-world/,background_image,/images/movie-world-wonder-woman-child-meet-greet-nearby-burleigh-gold-coast-motel.webp,movie-world-wonder-woman-child-meet-greet-nearby-burleigh-gold-coast-motel.webp,,N/A,NO,
see-do/movie-world/index.html,https://burleighmotel.com.au/see-do/movie-world/,background_image,/images/movie-world-tweety-bird-family-photo-nearby-burleigh-gold-coast-motel.webp,movie-world-tweety-bird-family-photo-nearby-burleigh-gold-coast-motel.webp,,N/A,NO,
see-do/sea-world/index.html,https://burleighmotel.com.au/see-do/sea-world/,img_tag,/images/burleigh-gold-coast-motel-logo.png,burleigh-gold-coast-motel-logo.png,Burleigh Gold Coast Motel logo,OK,NO,
see-do/sea-world/index.html,https://burleighmotel.com.au/see-do/sea-world/,img_tag,/images/burleigh-gold-coast-motel-logo.png,burleigh-gold-coast-motel-logo.png,Burleigh Gold Coast Motel,OK,NO,
see-do/sea-world/index.html,https://burleighmotel.com.au/see-do/sea-world/,background_image,/images/sea-world-dolphin-leaping-lagoon-palm-trees-nearby-burleigh-gold-coast-motel.webp,sea-world-dolphin-leaping-lagoon-palm-trees-nearby-burleigh-gold-coast-motel.webp,,N/A,NO,
see-do/sea-world/index.html,https://burleighmotel.com.au/see-do/sea-world/,background_image,/images/sea-world-family-dolphin-interaction-lagoon-nearby-burleigh-gold-coast-motel.webp,sea-world-family-dolphin-interaction-lagoon-nearby-burleigh-gold-coast-motel.webp,,N/A,NO,
see-do/sea-world/index.html,https://burleighmotel.com.au/see-do/sea-world/,background_image,/images/sea-world-cruises-catamaran-aerial-group-gold-coast-nearby-burleigh-motel.webp,sea-world-cruises-catamaran-aerial-group-gold-coast-nearby-burleigh-motel.webp,,N/A,NO,
see-do/sea-world/index.html,https://burleighmotel.com.au/see-do/sea-world/,background_image,/images/sea-world-dad-son-shark-tank-back-view-nearby-burleigh-gold-coast-motel.webp,sea-world-dad-son-shark-tank-back-view-nearby-burleigh-gold-coast-motel.webp,,N/A,NO,
see-do/sea-world/index.html,https://burleighmotel.com.au/see-do/sea-world/,background_image,/images/sea-world-couple-snorkelling-coral-reef-underwater-nearby-burleigh-gold-coast-motel.webp,sea-world-couple-snorkelling-coral-reef-underwater-nearby-burleigh-gold-coast-motel.webp,,N/A,NO,
see-do/sea-world/index.html,https://burleighmotel.com.au/see-do/sea-world/,background_image,/images/sea-world-spongebob-kid-high-five-bikini-bottom-nearby-burleigh-gold-coast-motel.webp,sea-world-spongebob-kid-high-five-bikini-bottom-nearby-burleigh-gold-coast-motel.webp,,N/A,NO,
see-do/wet-n-wild/index.html,https://burleighmotel.com.au/see-do/wet-n-wild/,img_tag,/images/burleigh-gold-coast-motel-logo.png,burleigh-gold-coast-motel-logo.png,Burleigh Gold Coast Motel logo,OK,NO,
see-do/wet-n-wild/index.html,https://burleighmotel.com.au/see-do/wet-n-wild/,img_tag,/images/burleigh-gold-coast-motel-logo.png,burleigh-gold-coast-motel-logo.png,Burleigh Gold Coast Motel,OK,NO,
see-do/wet-n-wild/index.html,https://burleighmotel.com.au/see-do/wet-n-wild/,background_image,/images/wet-n-wild-gold-coast-two-girls-wave-pool-nearby-burleigh-motel.webp,wet-n-wild-gold-coast-two-girls-wave-pool-nearby-burleigh-motel.webp,,N/A,NO,
see-do/wet-n-wild/index.html,https://burleighmotel.com.au/see-do/wet-n-wild/,background_image,/images/wet-n-wild-gold-coast-couple-tube-ride-nearby-burleigh-motel.webp,wet-n-wild-gold-coast-couple-tube-ride-nearby-burleigh-motel.webp,,N/A,NO,
see-do/wet-n-wild/index.html,https://burleighmotel.com.au/see-do/wet-n-wild/,background_image,/images/wet-n-wild-gold-coast-group-four-tube-ride-v1-nearby-burleigh-motel.webp,wet-n-wild-gold-coast-group-four-tube-ride-v1-nearby-burleigh-motel.webp,,N/A,NO,
see-do/wet-n-wild/index.html,https://burleighmotel.com.au/see-do/wet-n-wild/,background_image,/images/wet-n-wild-gold-coast-group-water-slide-nearby-burleigh-motel.webp,wet-n-wild-gold-coast-group-water-slide-nearby-burleigh-motel.webp,,N/A,NO,
see-do/wet-n-wild/index.html,https://burleighmotel.com.au/see-do/wet-n-wild/,background_image,/images/wet-n-wild-gold-coast-group-four-tube-ride-v2-nearby-burleigh-motel.webp,wet-n-wild-gold-coast-group-four-tube-ride-v2-nearby-burleigh-motel.webp,,N/A,NO,
see-do/wet-n-wild/index.html,https://burleighmotel.com.au/see-do/wet-n-wild/,background_image,/images/wet-n-wild-gold-coast-group-wave-pool-nearby-burleigh-motel.webp,wet-n-wild-gold-coast-group-wave-pool-nearby-burleigh-motel.webp,,N/A,NO,
wet-n-wild-accommodation-gold-coast/index.html,https://burleighmotel.com.au/wet-n-wild-accommodation-gold-coast/,img_tag,/images/burleigh-gold-coast-motel-logo.png,burleigh-gold-coast-motel-logo.png,Burleigh Gold Coast Motel logo,OK,NO,
wet-n-wild-accommodation-gold-coast/index.html,https://burleighmotel.com.au/wet-n-wild-accommodation-gold-coast/,img_tag,/images/burleigh-gold-coast-motel-logo.png,burleigh-gold-coast-motel-logo.png,Burleigh Gold Coast Motel,OK,NO,
wet-n-wild-accommodation-gold-coast/index.html,https://burleighmotel.com.au/wet-n-wild-accommodation-gold-coast/,background_image,/images/wet-n-wild-gold-coast-two-girls-wave-pool-nearby-burleigh-motel.webp,wet-n-wild-gold-coast-two-girls-wave-pool-nearby-burleigh-motel.webp,,N/A,NO,
wet-n-wild-accommodation-gold-coast/index.html,https://burleighmotel.com.au/wet-n-wild-accommodation-gold-coast/,background_image,/images/wet-n-wild-gold-coast-couple-tube-ride-nearby-burleigh-motel.webp,wet-n-wild-gold-coast-couple-tube-ride-nearby-burleigh-motel.webp,,N/A,NO,
wet-n-wild-accommodation-gold-coast/index.html,https://burleighmotel.com.au/wet-n-wild-accommodation-gold-coast/,background_image,/images/wet-n-wild-gold-coast-group-four-tube-ride-v1-nearby-burleigh-motel.webp,wet-n-wild-gold-coast-group-four-tube-ride-v1-nearby-burleigh-motel.webp,,N/A,NO,
wet-n-wild-accommodation-gold-coast/index.html,https://burleighmotel.com.au/wet-n-wild-accommodation-gold-coast/,background_image,/images/wet-n-wild-gold-coast-group-water-slide-nearby-burleigh-motel.webp,wet-n-wild-gold-coast-group-water-slide-nearby-burleigh-motel.webp,,N/A,NO,
wet-n-wild-accommodation-gold-coast/index.html,https://burleighmotel.com.au/wet-n-wild-accommodation-gold-coast/,background_image,/images/wet-n-wild-gold-coast-group-four-tube-ride-v2-nearby-burleigh-motel.webp,wet-n-wild-gold-coast-group-four-tube-ride-v2-nearby-burleigh-motel.webp,,N/A,NO,
wet-n-wild-accommodation-gold-coast/index.html,https://burleighmotel.com.au/wet-n-wild-accommodation-gold-coast/,background_image,/images/wet-n-wild-gold-coast-group-wave-pool-nearby-burleigh-motel.webp,wet-n-wild-gold-coast-group-wave-pool-nearby-burleigh-motel.webp,,N/A,NO,